ISO-10303-21;
HEADER;
FILE_DESCRIPTION (( 'STEP AP214' ),
    '1' );
FILE_NAME ('IRS-5-10-Q12P-C.STEP',
    '2025-12-02T11:08:30',
    ( '' ),
    ( '' ),
    'SwSTEP 2.0',
    'SolidWorks 2023',
    '' );
FILE_SCHEMA (( 'AUTOMOTIVE_DESIGN' ));
ENDSEC;

DATA;
#1 =( NAMED_UNIT ( * ) PLANE_ANGLE_UNIT ( ) SI_UNIT ( $, .RADIAN. ) );
#2 = STYLED_ITEM ( 'NONE', ( #445 ), #2169 ) ;
#3 = ORIENTED_EDGE ( 'NONE', *, *, #3333, .T. ) ;
#4 = PRODUCT ( 'IRS-5-10-Q12P-C', 'IRS-5-10-Q12P-C', '', ( #1361 ) ) ;
#5 = AXIS2_PLACEMENT_3D ( 'NONE', #50, #2582, #3110 ) ;
#6 =( GEOMETRIC_REPRESENTATION_CONTEXT ( 3 ) GLOBAL_UNCERTAINTY_ASSIGNED_CONTEXT ( ( #1990 ) ) GLOBAL_UNIT_ASSIGNED_CONTEXT ( ( #713, #2014, #1018 ) ) REPRESENTATION_CONTEXT ( 'NONE', 'WORKASPACE' ) );
#7 = VECTOR ( 'NONE', #2667, 1000.000000000000000 ) ;
#8 = FILL_AREA_STYLE ('',( #1497 ) ) ;
#9 = DIRECTION ( 'NONE',  ( 1.000000000000000000, 0.000000000000000000, 0.000000000000000000 ) ) ;
#10 = AXIS2_PLACEMENT_3D ( 'NONE', #3215, #2633, #2109 ) ;
#11 = PLANE ( 'NONE',  #2156 ) ;
#12 = FACE_OUTER_BOUND ( 'NONE', #1146, .T. ) ;
#13 = VERTEX_POINT ( 'NONE', #658 ) ;
#14 = PRESENTATION_LAYER_ASSIGNMENT (  '', '', ( #170 ) ) ;
#15 = DIRECTION ( 'NONE',  ( -0.000000000000000000, -0.000000000000000000, -1.000000000000000000 ) ) ;
#16 = FACE_OUTER_BOUND ( 'NONE', #3034, .T. ) ;
#17 = VECTOR ( 'NONE', #568, 1000.000000000000000 ) ;
#18 = ORIENTED_EDGE ( 'NONE', *, *, #1115, .F. ) ;
#19 = DIRECTION ( 'NONE',  ( 1.000000000000000000, 0.000000000000000000, 0.000000000000000000 ) ) ;
#20 = ADVANCED_FACE ( 'NONE', ( #2226 ), #2752, .F. ) ;
#21 = ORIENTED_EDGE ( 'NONE', *, *, #361, .T. ) ;
#22 = DIRECTION ( 'NONE',  ( -1.000000000000000000, 0.000000000000000000, 0.000000000000000000 ) ) ;
#23 = SURFACE_SIDE_STYLE ('',( #1596 ) ) ;
#24 = EDGE_CURVE ( 'NONE', #1697, #778, #1012, .T. ) ;
#25 = COLOUR_RGB ( '',0.6470588235294117974, 0.5176470588235293491, 0.000000000000000000 ) ;
#26 = PLANE ( 'NONE',  #2425 ) ;
#27 = ORIENTED_EDGE ( 'NONE', *, *, #2129, .F. ) ;
#28 = SURFACE_SIDE_STYLE ('',( #2613 ) ) ;
#29 = CYLINDRICAL_SURFACE ( 'NONE', #1256, 0.5079999999999997851 ) ;
#30 =( NAMED_UNIT ( * ) SI_UNIT ( $, .STERADIAN. ) SOLID_ANGLE_UNIT ( ) );
#31 = VERTEX_POINT ( 'NONE', #624 ) ;
#32 = DIRECTION ( 'NONE',  ( -1.000000000000000000, 0.000000000000000000, 0.000000000000000000 ) ) ;
#33 = MECHANICAL_DESIGN_GEOMETRIC_PRESENTATION_REPRESENTATION (  '', ( #187 ), #2362 ) ;
#34 =( LENGTH_UNIT ( ) NAMED_UNIT ( * ) SI_UNIT ( .MILLI., .METRE. ) );
#35 = ORIENTED_EDGE ( 'NONE', *, *, #2360, .F. ) ;
#36 = AXIS2_PLACEMENT_3D ( 'NONE', #3318, #1987, #212 ) ;
#37 = PRESENTATION_STYLE_ASSIGNMENT (( #518 ) ) ;
#38 =( GEOMETRIC_REPRESENTATION_CONTEXT ( 3 ) GLOBAL_UNCERTAINTY_ASSIGNED_CONTEXT ( ( #2994 ) ) GLOBAL_UNIT_ASSIGNED_CONTEXT ( ( #1005, #749, #1266 ) ) REPRESENTATION_CONTEXT ( 'NONE', 'WORKASPACE' ) );
#39 = ADVANCED_FACE ( 'NONE', ( #2772 ), #3191, .T. ) ;
#40 = FILL_AREA_STYLE ('',( #305 ) ) ;
#41 =( NAMED_UNIT ( * ) PLANE_ANGLE_UNIT ( ) SI_UNIT ( $, .RADIAN. ) );
#42 = ORIENTED_EDGE ( 'NONE', *, *, #2463, .F. ) ;
#43 = DIRECTION ( 'NONE',  ( 1.000000000000000000, 0.000000000000000000, 0.000000000000000000 ) ) ;
#44 = CIRCLE ( 'NONE', #2483, 0.5079999999999997851 ) ;
#45 = DIRECTION ( 'NONE',  ( 0.000000000000000000, 0.000000000000000000, 1.000000000000000000 ) ) ;
#46 = FILL_AREA_STYLE ('',( #328 ) ) ;
#47 = STYLED_ITEM ( 'NONE', ( #881 ), #1448 ) ;
#48 = VERTEX_POINT ( 'NONE', #1179 ) ;
#49 = MECHANICAL_DESIGN_GEOMETRIC_PRESENTATION_REPRESENTATION (  '', ( #1677 ), #919 ) ;
#50 = CARTESIAN_POINT ( 'NONE',  ( -13.97000000000147324, 7.620000000000000107, 9.369999999999999218 ) ) ;
#51 = ORIENTED_EDGE ( 'NONE', *, *, #3026, .F. ) ;
#52 = CIRCLE ( 'NONE', #752, 0.7620000000000005658 ) ;
#53 = SURFACE_STYLE_USAGE ( .BOTH. , #3192 ) ;
#54 = PLANE ( 'NONE',  #474 ) ;
#55 =( LENGTH_UNIT ( ) NAMED_UNIT ( * ) SI_UNIT ( .MILLI., .METRE. ) );
#56 = TOROIDAL_SURFACE ( 'NONE', #705, 0.1120000000000009877, 0.6500000000000000222 ) ;
#57 = CARTESIAN_POINT ( 'NONE',  ( -13.46199999999999974, 6.221205739668554076E-17, 9.769999999999999574 ) ) ;
#58 = CIRCLE ( 'NONE', #1036, 0.1120000000000009877 ) ;
#59 = FILL_AREA_STYLE ('',( #2909 ) ) ;
#60 = EDGE_CURVE ( 'NONE', #3200, #2815, #1820, .T. ) ;
#61 = ORIENTED_EDGE ( 'NONE', *, *, #548, .T. ) ;
#62 = LINE ( 'NONE', #575, #1498 ) ;
#63 = DIRECTION ( 'NONE',  ( -1.000000000000000000, 0.000000000000000000, -0.000000000000000000 ) ) ;
#64 = CARTESIAN_POINT ( 'NONE',  ( 6.871735530712818729, 5.741736504755279746, 6.339999999999999858 ) ) ;
#65 = EDGE_CURVE ( 'NONE', #1110, #1552, #2311, .T. ) ;
#66 = ORIENTED_EDGE ( 'NONE', *, *, #973, .T. ) ;
#67 = AXIS2_PLACEMENT_3D ( 'NONE', #1383, #2907, #553 ) ;
#68 = DIRECTION ( 'NONE',  ( 1.000000000000000000, 0.000000000000000000, 0.000000000000000000 ) ) ;
#69 = EDGE_LOOP ( 'NONE', ( #2299, #1243, #2612, #1546 ) ) ;
#70 = FILL_AREA_STYLE_COLOUR ( '', #3203 ) ;
#71 = SURFACE_STYLE_USAGE ( .BOTH. , #2625 ) ;
#72 = CARTESIAN_POINT ( 'NONE',  ( -13.86200000000000010, 0.000000000000000000, 9.769999999999999574 ) ) ;
#73 = CARTESIAN_POINT ( 'NONE',  ( 7.871735530712825835, -4.741736504755272641, 6.339999999999999858 ) ) ;
#74 = EDGE_LOOP ( 'NONE', ( #1002, #1904, #247, #2622, #266, #3317 ) ) ;
#75 = DIRECTION ( 'NONE',  ( -0.000000000000000000, -0.000000000000000000, -1.000000000000000000 ) ) ;
#76 = FACE_OUTER_BOUND ( 'NONE', #1568, .T. ) ;
#77 = ORIENTED_EDGE ( 'NONE', *, *, #2638, .T. ) ;
#78 = CARTESIAN_POINT ( 'NONE',  ( -16.74999999999999645, -11.65000000000000036, 6.349999999999999645 ) ) ;
#79 = EDGE_CURVE ( 'NONE', #2691, #611, #1791, .T. ) ;
#80 = CARTESIAN_POINT ( 'NONE',  ( 11.25000000000000000, -13.15000000000000213, 5.969999999999999751 ) ) ;
#81 = ORIENTED_EDGE ( 'NONE', *, *, #1038, .F. ) ;
#82 = AXIS2_PLACEMENT_3D ( 'NONE', #1578, #1250, #992 ) ;
#83 = SURFACE_STYLE_FILL_AREA ( #2678 ) ;
#84 = SURFACE_STYLE_USAGE ( .BOTH. , #334 ) ;
#85 = DIRECTION ( 'NONE',  ( 0.000000000000000000, 0.000000000000000000, 1.000000000000000000 ) ) ;
#86 = COLOUR_RGB ( '',0.6470588235294117974, 0.5176470588235293491, 0.000000000000000000 ) ;
#87 = DIRECTION ( 'NONE',  ( 1.000000000000000000, 0.000000000000000000, -0.000000000000000000 ) ) ;
#88 = MECHANICAL_DESIGN_GEOMETRIC_PRESENTATION_REPRESENTATION (  '', ( #2821 ), #1980 ) ;
#89 = LINE ( 'NONE', #3236, #3159 ) ;
#90 =( GEOMETRIC_REPRESENTATION_CONTEXT ( 3 ) GLOBAL_UNCERTAINTY_ASSIGNED_CONTEXT ( ( #1860 ) ) GLOBAL_UNIT_ASSIGNED_CONTEXT ( ( #2227, #3289, #3062 ) ) REPRESENTATION_CONTEXT ( 'NONE', 'WORKASPACE' ) );
#91 = ORIENTED_EDGE ( 'NONE', *, *, #1771, .T. ) ;
#92 = STYLED_ITEM ( 'NONE', ( #2537 ), #141 ) ;
#93 = DIRECTION ( 'NONE',  ( 0.000000000000000000, -0.000000000000000000, 1.000000000000000000 ) ) ;
#94 = COLOUR_RGB ( '',0.6470588235294117974, 0.5176470588235293491, 0.000000000000000000 ) ;
#95 = ORIENTED_EDGE ( 'NONE', *, *, #2295, .F. ) ;
#96 = VECTOR ( 'NONE', #1708, 1000.000000000000000 ) ;
#97 = CARTESIAN_POINT ( 'NONE',  ( -18.25000000000000000, -11.65000000000000036, 6.349999999999999645 ) ) ;
#98 = DIRECTION ( 'NONE',  ( 0.000000000000000000, -0.000000000000000000, 1.000000000000000000 ) ) ;
#99 = AXIS2_PLACEMENT_3D ( 'NONE', #3083, #2596, #736 ) ;
#100 = ORIENTED_EDGE ( 'NONE', *, *, #1788, .T. ) ;
#101 = ADVANCED_FACE ( 'NONE', ( #1264 ), #26, .F. ) ;
#102 = CIRCLE ( 'NONE', #579, 0.7620000000000005658 ) ;
#103 =( NAMED_UNIT ( * ) SI_UNIT ( $, .STERADIAN. ) SOLID_ANGLE_UNIT ( ) );
#104 = CARTESIAN_POINT ( 'NONE',  ( 17.11785043614062829, -12.12173155784414824, -3.000000000000000000 ) ) ;
#105 = AXIS2_PLACEMENT_3D ( 'NONE', #1960, #661, #1149 ) ;
#106 = EDGE_CURVE ( 'NONE', #808, #542, #2588, .T. ) ;
#107 = STYLED_ITEM ( 'NONE', ( #37 ), #2021 ) ;
#108 = DIRECTION ( 'NONE',  ( 1.000000000000000000, 0.000000000000000000, 0.000000000000000000 ) ) ;
#109 = AXIS2_PLACEMENT_3D ( 'NONE', #1193, #85, #2938 ) ;
#110 = ORIENTED_EDGE ( 'NONE', *, *, #606, .F. ) ;
#111 = FILL_AREA_STYLE ('',( #2178 ) ) ;
#112 = CIRCLE ( 'NONE', #367, 0.1080000000000004567 ) ;
#113 = DIRECTION ( 'NONE',  ( 0.000000000000000000, 0.000000000000000000, 1.000000000000000000 ) ) ;
#114 = ORIENTED_EDGE ( 'NONE', *, *, #1160, .F. ) ;
#115 = CIRCLE ( 'NONE', #2004, 0.5079999999999997851 ) ;
#116 = LINE ( 'NONE', #3218, #1336 ) ;
#117 =( GEOMETRIC_REPRESENTATION_CONTEXT ( 3 ) GLOBAL_UNCERTAINTY_ASSIGNED_CONTEXT ( ( #2017 ) ) GLOBAL_UNIT_ASSIGNED_CONTEXT ( ( #773, #1846, #2351 ) ) REPRESENTATION_CONTEXT ( 'NONE', 'WORKASPACE' ) );
#118 = ORIENTED_EDGE ( 'NONE', *, *, #2516, .T. ) ;
#119 = CARTESIAN_POINT ( 'NONE',  ( 13.97000000000000064, 3.810000000000000053, 9.369999999999999218 ) ) ;
#120 = AXIS2_PLACEMENT_3D ( 'NONE', #3309, #2222, #1478 ) ;
#121 = FACE_OUTER_BOUND ( 'NONE', #161, .T. ) ;
#122 = EDGE_CURVE ( 'NONE', #3054, #808, #2033, .T. ) ;
#123 = LINE ( 'NONE', #1139, #1462 ) ;
#124 = EDGE_CURVE ( 'NONE', #1603, #31, #1171, .T. ) ;
#125 = DIRECTION ( 'NONE',  ( -1.000000000000000000, 0.000000000000000000, 0.000000000000000000 ) ) ;
#126 = DIRECTION ( 'NONE',  ( -0.000000000000000000, -0.000000000000000000, 1.000000000000000000 ) ) ;
#127 = UNCERTAINTY_MEASURE_WITH_UNIT (LENGTH_MEASURE( 1.000000000000000082E-05 ), #3003, 'distance_accuracy_value', 'NONE');
#128 = ORIENTED_EDGE ( 'NONE', *, *, #1866, .T. ) ;
#129 = FILL_AREA_STYLE ('',( #1644 ) ) ;
#130 = DIRECTION ( 'NONE',  ( 1.000000000000000000, 0.000000000000000000, 0.000000000000000000 ) ) ;
#131 = EDGE_LOOP ( 'NONE', ( #2828, #2318 ) ) ;
#132 = DIRECTION ( 'NONE',  ( -1.000000000000000000, -0.000000000000000000, -0.000000000000000000 ) ) ;
#133 = CARTESIAN_POINT ( 'NONE',  ( -14.47800000000147236, 7.620000000000000107, 9.769999999999999574 ) ) ;
#134 = ORIENTED_EDGE ( 'NONE', *, *, #868, .T. ) ;
#135 = DIRECTION ( 'NONE',  ( 1.224646799147353207E-16, 1.000000000000000000, -0.000000000000000000 ) ) ;
#136 = SURFACE_STYLE_FILL_AREA ( #2249 ) ;
#137 =( NAMED_UNIT ( * ) PLANE_ANGLE_UNIT ( ) SI_UNIT ( $, .RADIAN. ) );
#138 = CARTESIAN_POINT ( 'NONE',  ( 17.11785043614062829, -12.12173155784414824, -3.010000000000000231 ) ) ;
#139 = CARTESIAN_POINT ( 'NONE',  ( -17.11785043614063540, 12.12173155784415535, -3.010000000000000231 ) ) ;
#140 = SURFACE_STYLE_USAGE ( .BOTH. , #3274 ) ;
#141 = ADVANCED_FACE ( 'NONE', ( #1809 ), #255, .F. ) ;
#142 = STYLED_ITEM ( 'NONE', ( #645 ), #393 ) ;
#143 = AXIS2_PLACEMENT_3D ( 'NONE', #78, #2355, #32 ) ;
#144 = CARTESIAN_POINT ( 'NONE',  ( 13.46199999999999974, 3.810000000000000053, 9.369999999999999218 ) ) ;
#145 = PLANE ( 'NONE',  #359 ) ;
#146 = AXIS2_PLACEMENT_3D ( 'NONE', #2778, #43, #544 ) ;
#147 = ORIENTED_EDGE ( 'NONE', *, *, #1559, .F. ) ;
#148 =( GEOMETRIC_REPRESENTATION_CONTEXT ( 3 ) GLOBAL_UNCERTAINTY_ASSIGNED_CONTEXT ( ( #557 ) ) GLOBAL_UNIT_ASSIGNED_CONTEXT ( ( #1887, #2917, #103 ) ) REPRESENTATION_CONTEXT ( 'NONE', 'WORKASPACE' ) );
#149 = ORIENTED_EDGE ( 'NONE', *, *, #223, .F. ) ;
#150 = FILL_AREA_STYLE_COLOUR ( '', #94 ) ;
#151 = CIRCLE ( 'NONE', #3308, 0.1120000000000009877 ) ;
#152 = CIRCLE ( 'NONE', #2046, 1.500000000000001332 ) ;
#153 = AXIS2_PLACEMENT_3D ( 'NONE', #2315, #3331, #2558 ) ;
#154 =( NAMED_UNIT ( * ) PLANE_ANGLE_UNIT ( ) SI_UNIT ( $, .RADIAN. ) );
#155 = FILL_AREA_STYLE_COLOUR ( '', #1909 ) ;
#156 = UNCERTAINTY_MEASURE_WITH_UNIT (LENGTH_MEASURE( 1.000000000000000082E-05 ), #1293, 'distance_accuracy_value', 'NONE');
#157 = AXIS2_PLACEMENT_3D ( 'NONE', #1195, #926, #2189 ) ;
#158 =( LENGTH_UNIT ( ) NAMED_UNIT ( * ) SI_UNIT ( .MILLI., .METRE. ) );
#159 = AXIS2_PLACEMENT_3D ( 'NONE', #2784, #2531, #1477 ) ;
#160 = EDGE_CURVE ( 'NONE', #1485, #1114, #784, .T. ) ;
#161 = EDGE_LOOP ( 'NONE', ( #1682, #3112 ) ) ;
#162 = SURFACE_STYLE_FILL_AREA ( #2457 ) ;
#163 = EDGE_CURVE ( 'NONE', #252, #840, #1389, .T. ) ;
#164 = VERTEX_POINT ( 'NONE', #1057 ) ;
#165 = FILL_AREA_STYLE_COLOUR ( '', #86 ) ;
#166 = DIRECTION ( 'NONE',  ( -0.000000000000000000, -0.000000000000000000, 1.000000000000000000 ) ) ;
#167 = DIRECTION ( 'NONE',  ( -0.000000000000000000, -0.000000000000000000, -1.000000000000000000 ) ) ;
#168 = STYLED_ITEM ( 'NONE', ( #604 ), #2961 ) ;
#169 = VERTEX_POINT ( 'NONE', #2644 ) ;
#170 = STYLED_ITEM ( 'NONE', ( #3010 ), #2983 ) ;
#171 = DIRECTION ( 'NONE',  ( -1.000000000000000000, 0.000000000000000000, 0.000000000000000000 ) ) ;
#172 = VECTOR ( 'NONE', #1192, 1000.000000000000000 ) ;
#173 = CARTESIAN_POINT ( 'NONE',  ( 13.97000000000000064, 0.000000000000000000, 9.769999999999999574 ) ) ;
#174 = CARTESIAN_POINT ( 'NONE',  ( 18.25000000000000000, -11.65000000000000036, 6.349999999999999645 ) ) ;
#175 = CARTESIAN_POINT ( 'NONE',  ( 13.97000000000000064, 7.620000000000000107, 5.969999999999999751 ) ) ;
#176 = CARTESIAN_POINT ( 'NONE',  ( 6.871735530712825835, -4.741736504755279746, 6.339999999999999858 ) ) ;
#177 = LINE ( 'NONE', #2522, #2725 ) ;
#178 = ORIENTED_EDGE ( 'NONE', *, *, #2873, .F. ) ;
#179 = CARTESIAN_POINT ( 'NONE',  ( 13.97000000000000064, 0.000000000000000000, 5.969999999999999751 ) ) ;
#180 = ORIENTED_EDGE ( 'NONE', *, *, #2345, .F. ) ;
#181 = EDGE_CURVE ( 'NONE', #1649, #939, #2477, .T. ) ;
#182 = DIRECTION ( 'NONE',  ( -1.000000000000000000, 0.000000000000000000, 0.000000000000000000 ) ) ;
#183 = DIRECTION ( 'NONE',  ( -0.000000000000000000, -0.000000000000000000, 1.000000000000000000 ) ) ;
#184 = DIRECTION ( 'NONE',  ( -0.000000000000000000, -0.000000000000000000, -1.000000000000000000 ) ) ;
#185 = UNCERTAINTY_MEASURE_WITH_UNIT (LENGTH_MEASURE( 1.000000000000000082E-05 ), #2857, 'distance_accuracy_value', 'NONE');
#186 = DIRECTION ( 'NONE',  ( -1.000000000000000000, 0.000000000000000000, 0.000000000000000000 ) ) ;
#187 = STYLED_ITEM ( 'NONE', ( #487 ), #101 ) ;
#188 = LINE ( 'NONE', #1235, #1457 ) ;
#189 = CARTESIAN_POINT ( 'NONE',  ( 7.871735530712825835, -4.741736504755272641, 6.339999999999999858 ) ) ;
#190 =( GEOMETRIC_REPRESENTATION_CONTEXT ( 3 ) GLOBAL_UNCERTAINTY_ASSIGNED_CONTEXT ( ( #3225 ) ) GLOBAL_UNIT_ASSIGNED_CONTEXT ( ( #1152, #2422, #1133 ) ) REPRESENTATION_CONTEXT ( 'NONE', 'WORKASPACE' ) );
#191 = ORIENTED_EDGE ( 'NONE', *, *, #551, .T. ) ;
#192 = PRESENTATION_LAYER_ASSIGNMENT (  '', '', ( #2819 ) ) ;
#193 = CARTESIAN_POINT ( 'NONE',  ( 6.871735530712818729, 5.741736504755279746, 6.349999999999999645 ) ) ;
#194 = VECTOR ( 'NONE', #1471, 1000.000000000000000 ) ;
#195 = ORIENTED_EDGE ( 'NONE', *, *, #588, .T. ) ;
#196 = COLOUR_RGB ( '',0.6666666666666666297, 0.6980392156862744724, 0.7686274509803920907 ) ;
#197 = DIRECTION ( 'NONE',  ( 0.000000000000000000, 0.000000000000000000, -1.000000000000000000 ) ) ;
#198 = FILL_AREA_STYLE_COLOUR ( '', #1476 ) ;
#199 = FACE_OUTER_BOUND ( 'NONE', #2161, .T. ) ;
#200 = EDGE_CURVE ( 'NONE', #2392, #2358, #2119, .T. ) ;
#201 = VERTEX_POINT ( 'NONE', #2079 ) ;
#202 = AXIS2_PLACEMENT_3D ( 'NONE', #1988, #3335, #1507 ) ;
#203 = PRESENTATION_STYLE_ASSIGNMENT (( #2585 ) ) ;
#204 = FILL_AREA_STYLE ('',( #2823 ) ) ;
#205 = EDGE_CURVE ( 'NONE', #840, #252, #900, .T. ) ;
#206 = DIRECTION ( 'NONE',  ( -1.000000000000000000, 0.000000000000000000, 0.000000000000000000 ) ) ;
#207 = PRESENTATION_LAYER_ASSIGNMENT (  '', '', ( #1026 ) ) ;
#208 = DIRECTION ( 'NONE',  ( 1.000000000000000000, 0.000000000000000000, 0.000000000000000000 ) ) ;
#209 = PRESENTATION_STYLE_ASSIGNMENT (( #1048 ) ) ;
#210 = AXIS2_PLACEMENT_3D ( 'NONE', #2642, #2887, #1327 ) ;
#211 = ORIENTED_EDGE ( 'NONE', *, *, #1468, .F. ) ;
#212 = DIRECTION ( 'NONE',  ( -1.000000000000000000, 0.000000000000000000, 0.000000000000000000 ) ) ;
#213 =( NAMED_UNIT ( * ) SI_UNIT ( $, .STERADIAN. ) SOLID_ANGLE_UNIT ( ) );
#214 = AXIS2_PLACEMENT_3D ( 'NONE', #3220, #1671, #1758 ) ;
#215 = ORIENTED_EDGE ( 'NONE', *, *, #181, .F. ) ;
#216 = PRESENTATION_LAYER_ASSIGNMENT (  '', '', ( #2276 ) ) ;
#217 = SURFACE_STYLE_FILL_AREA ( #776 ) ;
#218 = PRESENTATION_LAYER_ASSIGNMENT (  '', '', ( #2786 ) ) ;
#219 = DIRECTION ( 'NONE',  ( -0.000000000000000000, -0.000000000000000000, -1.000000000000000000 ) ) ;
#220 = VERTEX_POINT ( 'NONE', #375 ) ;
#221 = PRESENTATION_LAYER_ASSIGNMENT (  '', '', ( #880 ) ) ;
#222 = DIRECTION ( 'NONE',  ( 1.224646799147353207E-16, 1.000000000000000000, -0.000000000000000000 ) ) ;
#223 = EDGE_CURVE ( 'NONE', #1865, #271, #1369, .T. ) ;
#224 =( GEOMETRIC_REPRESENTATION_CONTEXT ( 3 ) GLOBAL_UNCERTAINTY_ASSIGNED_CONTEXT ( ( #2929 ) ) GLOBAL_UNIT_ASSIGNED_CONTEXT ( ( #2380, #3176, #1345 ) ) REPRESENTATION_CONTEXT ( 'NONE', 'WORKASPACE' ) );
#225 = UNCERTAINTY_MEASURE_WITH_UNIT (LENGTH_MEASURE( 1.000000000000000082E-05 ), #1073, 'distance_accuracy_value', 'NONE');
#226 = DIRECTION ( 'NONE',  ( -0.000000000000000000, -0.000000000000000000, -1.000000000000000000 ) ) ;
#227 = EDGE_CURVE ( 'NONE', #1168, #2691, #957, .T. ) ;
#228 = SURFACE_SIDE_STYLE ('',( #3118 ) ) ;
#229 = PLANE ( 'NONE',  #2614 ) ;
#230 = ORIENTED_EDGE ( 'NONE', *, *, #588, .F. ) ;
#231 =( NAMED_UNIT ( * ) SI_UNIT ( $, .STERADIAN. ) SOLID_ANGLE_UNIT ( ) );
#232 = ORIENTED_EDGE ( 'NONE', *, *, #1665, .F. ) ;
#233 = DIRECTION ( 'NONE',  ( -1.000000000000000000, 0.000000000000000000, 0.000000000000000000 ) ) ;
#234 = SURFACE_STYLE_FILL_AREA ( #2528 ) ;
#235 = CARTESIAN_POINT ( 'NONE',  ( -7.871735530712825835, 4.741736504755272641, 6.349999999999999645 ) ) ;
#236 = SURFACE_SIDE_STYLE ('',( #691 ) ) ;
#237 = ORIENTED_EDGE ( 'NONE', *, *, #2065, .F. ) ;
#238 = DIRECTION ( 'NONE',  ( -1.000000000000000000, 1.224646799147355672E-16, 0.000000000000000000 ) ) ;
#239 =( NAMED_UNIT ( * ) SI_UNIT ( $, .STERADIAN. ) SOLID_ANGLE_UNIT ( ) );
#240 = PRESENTATION_STYLE_ASSIGNMENT (( #1212 ) ) ;
#241 =( LENGTH_UNIT ( ) NAMED_UNIT ( * ) SI_UNIT ( .MILLI., .METRE. ) );
#242 = EDGE_CURVE ( 'NONE', #1110, #643, #3302, .T. ) ;
#243 = EDGE_LOOP ( 'NONE', ( #237, #2802, #66, #2042 ) ) ;
#244 = AXIS2_PLACEMENT_3D ( 'NONE', #2843, #766, #780 ) ;
#245 = DIRECTION ( 'NONE',  ( 0.000000000000000000, -1.000000000000000000, 0.000000000000000000 ) ) ;
#246 = FILL_AREA_STYLE_COLOUR ( '', #25 ) ;
#247 = ORIENTED_EDGE ( 'NONE', *, *, #1567, .T. ) ;
#248 = VECTOR ( 'NONE', #841, 1000.000000000000000 ) ;
#249 = STYLED_ITEM ( 'NONE', ( #2781 ), #872 ) ;
#250 = SURFACE_STYLE_USAGE ( .BOTH. , #2047 ) ;
#251 = PRESENTATION_LAYER_ASSIGNMENT (  '', '', ( #2202 ) ) ;
#252 = VERTEX_POINT ( 'NONE', #1329 ) ;
#253 = MECHANICAL_DESIGN_GEOMETRIC_PRESENTATION_REPRESENTATION (  '', ( #1727 ), #1124 ) ;
#254 = CYLINDRICAL_SURFACE ( 'NONE', #3260, 0.7620000000000005658 ) ;
#255 = PLANE ( 'NONE',  #82 ) ;
#256 = DIRECTION ( 'NONE',  ( -1.000000000000000000, -0.000000000000000000, -0.000000000000000000 ) ) ;
#257 = AXIS2_PLACEMENT_3D ( 'NONE', #402, #2963, #93 ) ;
#258 = SURFACE_STYLE_FILL_AREA ( #1268 ) ;
#259 = FACE_OUTER_BOUND ( 'NONE', #1273, .T. ) ;
#260 = ORIENTED_EDGE ( 'NONE', *, *, #2382, .T. ) ;
#261 = FACE_OUTER_BOUND ( 'NONE', #471, .T. ) ;
#262 = PRESENTATION_STYLE_ASSIGNMENT (( #3123 ) ) ;
#263 = DIRECTION ( 'NONE',  ( -1.000000000000000000, 0.000000000000000000, 0.000000000000000000 ) ) ;
#264 = ADVANCED_FACE ( 'NONE', ( #3146 ), #2584, .T. ) ;
#265 = VECTOR ( 'NONE', #1077, 1000.000000000000000 ) ;
#266 = ORIENTED_EDGE ( 'NONE', *, *, #1623, .T. ) ;
#267 = MECHANICAL_DESIGN_GEOMETRIC_PRESENTATION_REPRESENTATION (  '', ( #2493 ), #315 ) ;
#268 = LINE ( 'NONE', #2852, #1394 ) ;
#269 = DIRECTION ( 'NONE',  ( 0.000000000000000000, 0.000000000000000000, 1.000000000000000000 ) ) ;
#270 = ADVANCED_FACE ( 'NONE', ( #2402 ), #1951, .T. ) ;
#271 = VERTEX_POINT ( 'NONE', #1190 ) ;
#272 = FACE_OUTER_BOUND ( 'NONE', #783, .T. ) ;
#273 = CARTESIAN_POINT ( 'NONE',  ( -7.871735530712825835, -4.741736504755272641, 6.339999999999999858 ) ) ;
#274 = LINE ( 'NONE', #73, #2501 ) ;
#275 = ORIENTED_EDGE ( 'NONE', *, *, #299, .T. ) ;
#276 = CARTESIAN_POINT ( 'NONE',  ( -13.97000000000147324, 7.620000000000000107, 9.769999999999999574 ) ) ;
#277 = CARTESIAN_POINT ( 'NONE',  ( 13.20799999999999841, -7.620000000000000107, 5.969999999999999751 ) ) ;
#278 = DIRECTION ( 'NONE',  ( 0.000000000000000000, 0.000000000000000000, 1.000000000000000000 ) ) ;
#279 =( LENGTH_UNIT ( ) NAMED_UNIT ( * ) SI_UNIT ( .MILLI., .METRE. ) );
#280 = AXIS2_PLACEMENT_3D ( 'NONE', #1718, #969, #1952 ) ;
#281 = ORIENTED_EDGE ( 'NONE', *, *, #444, .T. ) ;
#282 = SURFACE_STYLE_USAGE ( .BOTH. , #2866 ) ;
#283 = ORIENTED_EDGE ( 'NONE', *, *, #1432, .T. ) ;
#284 = EDGE_CURVE ( 'NONE', #2676, #2443, #3267, .T. ) ;
#285 = PLANE ( 'NONE',  #887 ) ;
#286 = DIRECTION ( 'NONE',  ( -0.000000000000000000, -0.000000000000000000, -1.000000000000000000 ) ) ;
#287 = UNCERTAINTY_MEASURE_WITH_UNIT (LENGTH_MEASURE( 1.000000000000000082E-05 ), #2803, 'distance_accuracy_value', 'NONE');
#288 = ORIENTED_EDGE ( 'NONE', *, *, #648, .T. ) ;
#289 = LINE ( 'NONE', #2072, #3037 ) ;
#290 = CARTESIAN_POINT ( 'NONE',  ( 13.97000000000000064, -3.810000000000000053, 9.769999999999999574 ) ) ;
#291 = ORIENTED_EDGE ( 'NONE', *, *, #648, .F. ) ;
#292 = DIRECTION ( 'NONE',  ( 0.000000000000000000, 0.000000000000000000, 1.000000000000000000 ) ) ;
#293 = AXIS2_PLACEMENT_3D ( 'NONE', #698, #466, #748 ) ;
#294 = SURFACE_STYLE_FILL_AREA ( #1342 ) ;
#295 = VERTEX_POINT ( 'NONE', #1475 ) ;
#296 = STYLED_ITEM ( 'NONE', ( #1966 ), #304 ) ;
#297 =( GEOMETRIC_REPRESENTATION_CONTEXT ( 3 ) GLOBAL_UNCERTAINTY_ASSIGNED_CONTEXT ( ( #1109 ) ) GLOBAL_UNIT_ASSIGNED_CONTEXT ( ( #2514, #3303, #1757 ) ) REPRESENTATION_CONTEXT ( 'NONE', 'WORKASPACE' ) );
#298 = CARTESIAN_POINT ( 'NONE',  ( 14.73200000000000109, 7.620000000000000107, 9.119999999999999218 ) ) ;
#299 = EDGE_CURVE ( 'NONE', #1532, #1409, #3280, .T. ) ;
#300 = MECHANICAL_DESIGN_GEOMETRIC_PRESENTATION_REPRESENTATION (  '', ( #2704 ), #2478 ) ;
#301 = MECHANICAL_DESIGN_GEOMETRIC_PRESENTATION_REPRESENTATION (  '', ( #1341 ), #738 ) ;
#302 = FILL_AREA_STYLE ('',( #537 ) ) ;
#303 = CIRCLE ( 'NONE', #1670, 0.6499999999999995781 ) ;
#304 = ADVANCED_FACE ( 'NONE', ( #740 ), #2920, .T. ) ;
#305 = FILL_AREA_STYLE_COLOUR ( '', #3372 ) ;
#306 = DIRECTION ( 'NONE',  ( -0.000000000000000000, -0.000000000000000000, 1.000000000000000000 ) ) ;
#307 = EDGE_LOOP ( 'NONE', ( #1562, #1940, #1804, #3005 ) ) ;
#308 =( NAMED_UNIT ( * ) SI_UNIT ( $, .STERADIAN. ) SOLID_ANGLE_UNIT ( ) );
#309 = COLOUR_RGB ( '',0.6470588235294117974, 0.5176470588235293491, 0.000000000000000000 ) ;
#310 = CYLINDRICAL_SURFACE ( 'NONE', #2539, 0.5079999999999997851 ) ;
#311 = EDGE_LOOP ( 'NONE', ( #614, #1386, #756, #1605 ) ) ;
#312 = STYLED_ITEM ( 'NONE', ( #1450 ), #1659 ) ;
#313 = CARTESIAN_POINT ( 'NONE',  ( 16.74999999999999645, -11.65000000000000036, 6.349999999999999645 ) ) ;
#314 = VERTEX_POINT ( 'NONE', #666 ) ;
#315 =( GEOMETRIC_REPRESENTATION_CONTEXT ( 3 ) GLOBAL_UNCERTAINTY_ASSIGNED_CONTEXT ( ( #1790 ) ) GLOBAL_UNIT_ASSIGNED_CONTEXT ( ( #621, #365, #1229 ) ) REPRESENTATION_CONTEXT ( 'NONE', 'WORKASPACE' ) );
#316 = LINE ( 'NONE', #2641, #1642 ) ;
#317 =( LENGTH_UNIT ( ) NAMED_UNIT ( * ) SI_UNIT ( .MILLI., .METRE. ) );
#318 = MECHANICAL_DESIGN_GEOMETRIC_PRESENTATION_REPRESENTATION (  '', ( #1086 ), #1367 ) ;
#319 = FACE_OUTER_BOUND ( 'NONE', #3239, .T. ) ;
#320 = VECTOR ( 'NONE', #2136, 1000.000000000000000 ) ;
#321 = CARTESIAN_POINT ( 'NONE',  ( 13.86200000000000010, 3.771912141373838293E-17, 9.769999999999999574 ) ) ;
#322 = UNCERTAINTY_MEASURE_WITH_UNIT (LENGTH_MEASURE( 1.000000000000000082E-05 ), #526, 'distance_accuracy_value', 'NONE');
#323 = ORIENTED_EDGE ( 'NONE', *, *, #1916, .T. ) ;
#324 = ADVANCED_FACE ( 'NONE', ( #460 ), #2287, .T. ) ;
#325 = CARTESIAN_POINT ( 'NONE',  ( 18.25000000000000000, -11.65000000000000036, -3.000000000000000888 ) ) ;
#326 = CIRCLE ( 'NONE', #1040, 0.5079999999999997851 ) ;
#327 = SURFACE_STYLE_USAGE ( .BOTH. , #2944 ) ;
#328 = FILL_AREA_STYLE_COLOUR ( '', #1752 ) ;
#329 = ORIENTED_EDGE ( 'NONE', *, *, #122, .F. ) ;
#330 = DIRECTION ( 'NONE',  ( 1.000000000000000000, 0.000000000000000000, 0.000000000000000000 ) ) ;
#331 = VECTOR ( 'NONE', #167, 1000.000000000000000 ) ;
#332 = PRESENTATION_STYLE_ASSIGNMENT (( #1884 ) ) ;
#333 = ORIENTED_EDGE ( 'NONE', *, *, #2553, .T. ) ;
#334 = SURFACE_SIDE_STYLE ('',( #2679 ) ) ;
#335 = FACE_OUTER_BOUND ( 'NONE', #2960, .T. ) ;
#336 = CARTESIAN_POINT ( 'NONE',  ( -14.47799999999999976, -7.620000000000000107, 5.969999999999999751 ) ) ;
#337 = ORIENTED_EDGE ( 'NONE', *, *, #3375, .F. ) ;
#338 = FACE_OUTER_BOUND ( 'NONE', #1950, .T. ) ;
#339 = CARTESIAN_POINT ( 'NONE',  ( 16.74999999999999645, 11.65000000000000036, -6.349999999999999645 ) ) ;
#340 = EDGE_CURVE ( 'NONE', #341, #1409, #3351, .T. ) ;
#341 = VERTEX_POINT ( 'NONE', #2851 ) ;
#342 = SURFACE_STYLE_USAGE ( .BOTH. , #936 ) ;
#343 = DIRECTION ( 'NONE',  ( 0.000000000000000000, 0.000000000000000000, 1.000000000000000000 ) ) ;
#344 = SHAPE_DEFINITION_REPRESENTATION ( #475, #555 ) ;
#345 = ADVANCED_FACE ( 'NONE', ( #1015 ), #2162, .F. ) ;
#346 = SURFACE_SIDE_STYLE ('',( #950 ) ) ;
#347 = ORIENTED_EDGE ( 'NONE', *, *, #1323, .F. ) ;
#348 = VECTOR ( 'NONE', #226, 1000.000000000000000 ) ;
#349 = COLOUR_RGB ( '',0.5019607843137254832, 0.5019607843137254832, 0.5019607843137254832 ) ;
#350 = COLOUR_RGB ( '',0.5019607843137254832, 0.5019607843137254832, 0.5019607843137254832 ) ;
#351 = CARTESIAN_POINT ( 'NONE',  ( 11.25000000000000000, 0.000000000000000000, 6.349999999999999645 ) ) ;
#352 = STYLED_ITEM ( 'NONE', ( #1707 ), #704 ) ;
#353 = EDGE_LOOP ( 'NONE', ( #1456, #2547 ) ) ;
#354 = FACE_OUTER_BOUND ( 'NONE', #531, .T. ) ;
#355 = ORIENTED_EDGE ( 'NONE', *, *, #1683, .F. ) ;
#356 = STYLED_ITEM ( 'NONE', ( #2208 ), #1413 ) ;
#357 = EDGE_CURVE ( 'NONE', #778, #524, #1203, .T. ) ;
#358 = CARTESIAN_POINT ( 'NONE',  ( -6.871735530712818729, -5.741736504755279746, 6.339999999999999858 ) ) ;
#359 = AXIS2_PLACEMENT_3D ( 'NONE', #2572, #2557, #2810 ) ;
#360 = ORIENTED_EDGE ( 'NONE', *, *, #2532, .T. ) ;
#361 = EDGE_CURVE ( 'NONE', #2815, #1697, #116, .T. ) ;
#362 = CARTESIAN_POINT ( 'NONE',  ( -13.46199999999999974, -7.620000000000000107, 9.369999999999999218 ) ) ;
#363 = FILL_AREA_STYLE_COLOUR ( '', #2007 ) ;
#364 =( GEOMETRIC_REPRESENTATION_CONTEXT ( 3 ) GLOBAL_UNCERTAINTY_ASSIGNED_CONTEXT ( ( #657 ) ) GLOBAL_UNIT_ASSIGNED_CONTEXT ( ( #317, #1107, #853 ) ) REPRESENTATION_CONTEXT ( 'NONE', 'WORKASPACE' ) );
#365 =( NAMED_UNIT ( * ) PLANE_ANGLE_UNIT ( ) SI_UNIT ( $, .RADIAN. ) );
#366 = CARTESIAN_POINT ( 'NONE',  ( -6.871735530712818729, 5.741736504755279746, 6.349999999999999645 ) ) ;
#367 = AXIS2_PLACEMENT_3D ( 'NONE', #1215, #1380, #68 ) ;
#368 = SURFACE_STYLE_FILL_AREA ( #2740 ) ;
#369 = SURFACE_SIDE_STYLE ('',( #1147 ) ) ;
#370 = CARTESIAN_POINT ( 'NONE',  ( 13.97000000000000064, 0.000000000000000000, 9.769999999999999574 ) ) ;
#371 = VERTEX_POINT ( 'NONE', #1931 ) ;
#372 =( NAMED_UNIT ( * ) SI_UNIT ( $, .STERADIAN. ) SOLID_ANGLE_UNIT ( ) );
#373 = PRESENTATION_LAYER_ASSIGNMENT (  '', '', ( #2734 ) ) ;
#374 = ORIENTED_EDGE ( 'NONE', *, *, #1821, .F. ) ;
#375 = CARTESIAN_POINT ( 'NONE',  ( 18.25000000000000000, -11.65000000000000036, 5.969999999999999751 ) ) ;
#376 = CIRCLE ( 'NONE', #2285, 0.6499999999999995781 ) ;
#377 = DIRECTION ( 'NONE',  ( 0.000000000000000000, 0.000000000000000000, 1.000000000000000000 ) ) ;
#378 = DIRECTION ( 'NONE',  ( 1.000000000000000000, -0.000000000000000000, 0.000000000000000000 ) ) ;
#379 = ADVANCED_FACE ( 'NONE', ( #1169 ), #3194, .T. ) ;
#380 = DIRECTION ( 'NONE',  ( 1.000000000000000000, 0.000000000000000000, 0.000000000000000000 ) ) ;
#381 = UNCERTAINTY_MEASURE_WITH_UNIT (LENGTH_MEASURE( 1.000000000000000082E-05 ), #2320, 'distance_accuracy_value', 'NONE');
#382 = PLANE ( 'NONE',  #2707 ) ;
#383 = FACE_BOUND ( 'NONE', #353, .T. ) ;
#384 = FILL_AREA_STYLE_COLOUR ( '', #2378 ) ;
#385 = ORIENTED_EDGE ( 'NONE', *, *, #223, .T. ) ;
#386 = DIRECTION ( 'NONE',  ( -0.000000000000000000, -1.000000000000000000, -0.000000000000000000 ) ) ;
#387 = CARTESIAN_POINT ( 'NONE',  ( -16.74999999999999645, 13.15000000000000213, -3.010000000000000675 ) ) ;
#388 = ORIENTED_EDGE ( 'NONE', *, *, #569, .T. ) ;
#389 = DIRECTION ( 'NONE',  ( 0.000000000000000000, 0.000000000000000000, 1.000000000000000000 ) ) ;
#390 = FILL_AREA_STYLE ('',( #150 ) ) ;
#391 = AXIS2_PLACEMENT_3D ( 'NONE', #1426, #914, #1187 ) ;
#392 = CARTESIAN_POINT ( 'NONE',  ( -13.97000000000000064, 0.000000000000000000, 9.769999999999999574 ) ) ;
#393 = ADVANCED_FACE ( 'NONE', ( #1186 ), #2981, .T. ) ;
#394 = PRESENTATION_LAYER_ASSIGNMENT (  '', '', ( #2699 ) ) ;
#395 = FACE_OUTER_BOUND ( 'NONE', #1837, .T. ) ;
#396 = LINE ( 'NONE', #64, #2950 ) ;
#397 = ORIENTED_EDGE ( 'NONE', *, *, #2001, .F. ) ;
#398 = COLOUR_RGB ( '',0.6470588235294117974, 0.5176470588235293491, 0.000000000000000000 ) ;
#399 = AXIS2_PLACEMENT_3D ( 'NONE', #1616, #292, #330 ) ;
#400 = DIRECTION ( 'NONE',  ( -0.000000000000000000, -0.000000000000000000, -1.000000000000000000 ) ) ;
#401 = ADVANCED_FACE ( 'NONE', ( #723, #996 ), #2262, .F. ) ;
#402 = CARTESIAN_POINT ( 'NONE',  ( -16.74999999999999645, -13.15000000000000213, 6.349999999999999645 ) ) ;
#403 = SURFACE_STYLE_USAGE ( .BOTH. , #1917 ) ;
#404 =( GEOMETRIC_REPRESENTATION_CONTEXT ( 3 ) GLOBAL_UNCERTAINTY_ASSIGNED_CONTEXT ( ( #877 ) ) GLOBAL_UNIT_ASSIGNED_CONTEXT ( ( #3078, #1500, #416 ) ) REPRESENTATION_CONTEXT ( 'NONE', 'WORKASPACE' ) );
#405 = FACE_OUTER_BOUND ( 'NONE', #1766, .T. ) ;
#406 = ORIENTED_EDGE ( 'NONE', *, *, #3375, .T. ) ;
#407 = FACE_OUTER_BOUND ( 'NONE', #1218, .T. ) ;
#408 = VERTEX_POINT ( 'NONE', #193 ) ;
#409 = SURFACE_STYLE_USAGE ( .BOTH. , #1258 ) ;
#410 = TOROIDAL_SURFACE ( 'NONE', #2094, 0.1080000000000001792, 0.4000000000000000222 ) ;
#411 = VERTEX_POINT ( 'NONE', #2319 ) ;
#412 = SURFACE_STYLE_USAGE ( .BOTH. , #3210 ) ;
#413 = FACE_OUTER_BOUND ( 'NONE', #307, .T. ) ;
#414 = UNCERTAINTY_MEASURE_WITH_UNIT (LENGTH_MEASURE( 1.000000000000000082E-05 ), #2747, 'distance_accuracy_value', 'NONE');
#415 = SURFACE_STYLE_FILL_AREA ( #1163 ) ;
#416 =( NAMED_UNIT ( * ) SI_UNIT ( $, .STERADIAN. ) SOLID_ANGLE_UNIT ( ) );
#417 =( NAMED_UNIT ( * ) SI_UNIT ( $, .STERADIAN. ) SOLID_ANGLE_UNIT ( ) );
#418 = CARTESIAN_POINT ( 'NONE',  ( 13.97000000000000064, 3.810000000000000053, 5.969999999999999751 ) ) ;
#419 = PRESENTATION_LAYER_ASSIGNMENT (  '', '', ( #1521 ) ) ;
#420 = EDGE_CURVE ( 'NONE', #1374, #3347, #1825, .T. ) ;
#421 = ORIENTED_EDGE ( 'NONE', *, *, #1643, .T. ) ;
#422 = SURFACE_STYLE_USAGE ( .BOTH. , #2830 ) ;
#423 = MECHANICAL_DESIGN_GEOMETRIC_PRESENTATION_REPRESENTATION (  '', ( #1903 ), #2220 ) ;
#424 = SURFACE_SIDE_STYLE ('',( #2182 ) ) ;
#425 = VECTOR ( 'NONE', #1802, 1000.000000000000000 ) ;
#426 =( GEOMETRIC_REPRESENTATION_CONTEXT ( 3 ) GLOBAL_UNCERTAINTY_ASSIGNED_CONTEXT ( ( #2536 ) ) GLOBAL_UNIT_ASSIGNED_CONTEXT ( ( #2629, #41, #1078 ) ) REPRESENTATION_CONTEXT ( 'NONE', 'WORKASPACE' ) );
#427 = ORIENTED_EDGE ( 'NONE', *, *, #502, .F. ) ;
#428 = AXIS2_PLACEMENT_3D ( 'NONE', #1848, #3184, #528 ) ;
#429 =( LENGTH_UNIT ( ) NAMED_UNIT ( * ) SI_UNIT ( .MILLI., .METRE. ) );
#430 = AXIS2_PLACEMENT_3D ( 'NONE', #3361, #2568, #3144 ) ;
#431 = PLANE ( 'NONE',  #120 ) ;
#432 = STYLED_ITEM ( 'NONE', ( #2782 ), #3328 ) ;
#433 = CARTESIAN_POINT ( 'NONE',  ( -18.25000000000000000, -11.65000000000000036, 6.349999999999999645 ) ) ;
#434 = PRESENTATION_STYLE_ASSIGNMENT (( #2789 ) ) ;
#435 = EDGE_LOOP ( 'NONE', ( #1812, #1071, #1257, #630 ) ) ;
#436 = SURFACE_STYLE_FILL_AREA ( #2293 ) ;
#437 = FILL_AREA_STYLE ('',( #1779 ) ) ;
#438 = ORIENTED_EDGE ( 'NONE', *, *, #2429, .T. ) ;
#439 = LINE ( 'NONE', #2615, #744 ) ;
#440 = EDGE_CURVE ( 'NONE', #1706, #2964, #2813, .T. ) ;
#441 = ORIENTED_EDGE ( 'NONE', *, *, #548, .F. ) ;
#442 =( NAMED_UNIT ( * ) PLANE_ANGLE_UNIT ( ) SI_UNIT ( $, .RADIAN. ) );
#443 = SURFACE_STYLE_USAGE ( .BOTH. , #2027 ) ;
#444 = EDGE_CURVE ( 'NONE', #164, #1783, #905, .T. ) ;
#445 = PRESENTATION_STYLE_ASSIGNMENT (( #1994 ) ) ;
#446 = FILL_AREA_STYLE ('',( #1775 ) ) ;
#447 = UNCERTAINTY_MEASURE_WITH_UNIT (LENGTH_MEASURE( 1.000000000000000082E-05 ), #241, 'distance_accuracy_value', 'NONE');
#448 = SURFACE_STYLE_USAGE ( .BOTH. , #1296 ) ;
#449 = AXIS2_PLACEMENT_3D ( 'NONE', #1747, #2467, #3312 ) ;
#450 = CARTESIAN_POINT ( 'NONE',  ( -13.97000000000000064, -7.620000000000000107, 5.969999999999999751 ) ) ;
#451 = FILL_AREA_STYLE_COLOUR ( '', #932 ) ;
#452 = COLOUR_RGB ( '',0.6666666666666666297, 0.6980392156862744724, 0.7686274509803920907 ) ;
#453 = ORIENTED_EDGE ( 'NONE', *, *, #3130, .F. ) ;
#454 = MECHANICAL_DESIGN_GEOMETRIC_PRESENTATION_REPRESENTATION (  '', ( #249 ), #297 ) ;
#455 = FILL_AREA_STYLE ('',( #1506 ) ) ;
#456 = DIRECTION ( 'NONE',  ( 0.000000000000000000, 0.000000000000000000, 1.000000000000000000 ) ) ;
#457 = VECTOR ( 'NONE', #1612, 1000.000000000000000 ) ;
#458 = EDGE_LOOP ( 'NONE', ( #1631, #3000, #2213, #2881 ) ) ;
#459 = EDGE_CURVE ( 'NONE', #600, #828, #1777, .T. ) ;
#460 = FACE_OUTER_BOUND ( 'NONE', #243, .T. ) ;
#461 = FILL_AREA_STYLE ('',( #1459 ) ) ;
#462 = ADVANCED_FACE ( 'NONE', ( #2799 ), #2577, .F. ) ;
#463 = PLANE ( 'NONE',  #1370 ) ;
#464 = PRESENTATION_STYLE_ASSIGNMENT (( #1760 ) ) ;
#465 = VECTOR ( 'NONE', #782, 1000.000000000000000 ) ;
#466 = DIRECTION ( 'NONE',  ( 0.000000000000000000, 0.000000000000000000, 1.000000000000000000 ) ) ;
#467 = SURFACE_SIDE_STYLE ('',( #2809 ) ) ;
#468 = AXIS2_PLACEMENT_3D ( 'NONE', #450, #1524, #1544 ) ;
#469 = DIRECTION ( 'NONE',  ( 1.000000000000000000, 0.000000000000000000, 0.000000000000000000 ) ) ;
#470 = CARTESIAN_POINT ( 'NONE',  ( 17.11785043614062829, 12.12173155784415535, -3.010000000000000231 ) ) ;
#471 = EDGE_LOOP ( 'NONE', ( #1207, #1460, #2282, #562 ) ) ;
#472 =( NAMED_UNIT ( * ) SI_UNIT ( $, .STERADIAN. ) SOLID_ANGLE_UNIT ( ) );
#473 = FILL_AREA_STYLE_COLOUR ( '', #309 ) ;
#474 = AXIS2_PLACEMENT_3D ( 'NONE', #2694, #378, #2680 ) ;
#475 = PRODUCT_DEFINITION_SHAPE ( 'NONE', 'NONE',  #1219 ) ;
#476 = ORIENTED_EDGE ( 'NONE', *, *, #1410, .F. ) ;
#477 = CARTESIAN_POINT ( 'NONE',  ( 13.97000000000000064, 0.000000000000000000, 9.369999999999999218 ) ) ;
#478 = PRESENTATION_STYLE_ASSIGNMENT (( #1259 ) ) ;
#479 = AXIS2_PLACEMENT_3D ( 'NONE', #1811, #2573, #1282 ) ;
#480 = CARTESIAN_POINT ( 'NONE',  ( 14.47799999999999976, 6.221205739668557773E-17, 9.369999999999999218 ) ) ;
#481 = ORIENTED_EDGE ( 'NONE', *, *, #2210, .F. ) ;
#482 = VECTOR ( 'NONE', #2771, 1000.000000000000000 ) ;
#483 = ADVANCED_FACE ( 'NONE', ( #261 ), #2631, .T. ) ;
#484 = DIRECTION ( 'NONE',  ( -1.000000000000000000, 0.000000000000000000, 0.000000000000000000 ) ) ;
#485 = COLOUR_RGB ( '',0.6666666666666666297, 0.6980392156862744724, 0.7686274509803920907 ) ;
#486 = UNCERTAINTY_MEASURE_WITH_UNIT (LENGTH_MEASURE( 1.000000000000000082E-05 ), #158, 'distance_accuracy_value', 'NONE');
#487 = PRESENTATION_STYLE_ASSIGNMENT (( #1520 ) ) ;
#488 = SURFACE_STYLE_FILL_AREA ( #1794 ) ;
#489 = LINE ( 'NONE', #719, #1355 ) ;
#490 = SURFACE_STYLE_USAGE ( .BOTH. , #751 ) ;
#491 = VERTEX_POINT ( 'NONE', #2370 ) ;
#492 =( NAMED_UNIT ( * ) SI_UNIT ( $, .STERADIAN. ) SOLID_ANGLE_UNIT ( ) );
#493 = DIRECTION ( 'NONE',  ( 0.000000000000000000, 1.000000000000000000, -0.000000000000000000 ) ) ;
#494 = ORIENTED_EDGE ( 'NONE', *, *, #2859, .F. ) ;
#495 = FILL_AREA_STYLE ('',( #3353 ) ) ;
#496 = FACE_OUTER_BOUND ( 'NONE', #3086, .T. ) ;
#497 =( NAMED_UNIT ( * ) PLANE_ANGLE_UNIT ( ) SI_UNIT ( $, .RADIAN. ) );
#498 = LINE ( 'NONE', #2905, #3323 ) ;
#499 = ORIENTED_EDGE ( 'NONE', *, *, #958, .F. ) ;
#500 = SURFACE_STYLE_FILL_AREA ( #745 ) ;
#501 = DIRECTION ( 'NONE',  ( 0.000000000000000000, -1.000000000000000000, 0.000000000000000000 ) ) ;
#502 = EDGE_CURVE ( 'NONE', #3299, #1168, #289, .T. ) ;
#503 = LINE ( 'NONE', #2589, #2433 ) ;
#504 =( NAMED_UNIT ( * ) PLANE_ANGLE_UNIT ( ) SI_UNIT ( $, .RADIAN. ) );
#505 = EDGE_LOOP ( 'NONE', ( #3266, #438, #2476, #355 ) ) ;
#506 = EDGE_CURVE ( 'NONE', #2847, #547, #1231, .T. ) ;
#507 = VECTOR ( 'NONE', #1871, 1000.000000000000000 ) ;
#508 =( NAMED_UNIT ( * ) PLANE_ANGLE_UNIT ( ) SI_UNIT ( $, .RADIAN. ) );
#509 = DIRECTION ( 'NONE',  ( 0.000000000000000000, 0.000000000000000000, -1.000000000000000000 ) ) ;
#510 = PRESENTATION_LAYER_ASSIGNMENT (  '', '', ( #3033 ) ) ;
#511 = MECHANICAL_DESIGN_GEOMETRIC_PRESENTATION_REPRESENTATION (  '', ( #3196 ), #1661 ) ;
#512 = ORIENTED_EDGE ( 'NONE', *, *, #2409, .T. ) ;
#513 = COLOUR_RGB ( '',0.6470588235294117974, 0.5176470588235293491, 0.000000000000000000 ) ;
#514 = TOROIDAL_SURFACE ( 'NONE', #962, 0.1080000000000001792, 0.4000000000000000222 ) ;
#515 = VECTOR ( 'NONE', #2363, 1000.000000000000000 ) ;
#516 = EDGE_LOOP ( 'NONE', ( #2874, #283 ) ) ;
#517 = STYLED_ITEM ( 'NONE', ( #954 ), #830 ) ;
#518 = SURFACE_STYLE_USAGE ( .BOTH. , #1042 ) ;
#519 = MECHANICAL_DESIGN_GEOMETRIC_PRESENTATION_REPRESENTATION (  '', ( #1571 ), #2598 ) ;
#520 = CIRCLE ( 'NONE', #798, 0.1080000000000004567 ) ;
#521 = CARTESIAN_POINT ( 'NONE',  ( -16.74999999999999645, 13.15000000000000213, -6.349999999999999645 ) ) ;
#522 = CARTESIAN_POINT ( 'NONE',  ( 16.74999999999999645, -11.65000000000000036, -6.349999999999999645 ) ) ;
#523 = UNCERTAINTY_MEASURE_WITH_UNIT (LENGTH_MEASURE( 1.000000000000000082E-05 ), #1523, 'distance_accuracy_value', 'NONE');
#524 = VERTEX_POINT ( 'NONE', #3182 ) ;
#525 = MECHANICAL_DESIGN_GEOMETRIC_PRESENTATION_REPRESENTATION (  '', ( #1188 ), #1675 ) ;
#526 =( LENGTH_UNIT ( ) NAMED_UNIT ( * ) SI_UNIT ( .MILLI., .METRE. ) );
#527 = CARTESIAN_POINT ( 'NONE',  ( -18.25000000000000000, 11.65000000000000036, -6.349999999999999645 ) ) ;
#528 = DIRECTION ( 'NONE',  ( 1.000000000000000000, 0.000000000000000000, 0.000000000000000000 ) ) ;
#529 = PRESENTATION_LAYER_ASSIGNMENT (  '', '', ( #1896 ) ) ;
#530 = EDGE_CURVE ( 'NONE', #1649, #1964, #1829, .T. ) ;
#531 = EDGE_LOOP ( 'NONE', ( #2618, #3206, #128, #333 ) ) ;
#532 = MECHANICAL_DESIGN_GEOMETRIC_PRESENTATION_REPRESENTATION (  '', ( #107 ), #1246 ) ;
#533 = EDGE_LOOP ( 'NONE', ( #2980, #232 ) ) ;
#534 =( NAMED_UNIT ( * ) PLANE_ANGLE_UNIT ( ) SI_UNIT ( $, .RADIAN. ) );
#535 =( GEOMETRIC_REPRESENTATION_CONTEXT ( 3 ) GLOBAL_UNCERTAINTY_ASSIGNED_CONTEXT ( ( #2790 ) ) GLOBAL_UNIT_ASSIGNED_CONTEXT ( ( #34, #1, #2657 ) ) REPRESENTATION_CONTEXT ( 'NONE', 'WORKASPACE' ) );
#536 = PRESENTATION_STYLE_ASSIGNMENT (( #2330 ) ) ;
#537 = FILL_AREA_STYLE_COLOUR ( '', #1833 ) ;
#538 = MECHANICAL_DESIGN_GEOMETRIC_PRESENTATION_REPRESENTATION (  '', ( #1122 ), #1919 ) ;
#539 =( GEOMETRIC_REPRESENTATION_CONTEXT ( 3 ) GLOBAL_UNCERTAINTY_ASSIGNED_CONTEXT ( ( #3029 ) ) GLOBAL_UNIT_ASSIGNED_CONTEXT ( ( #2899, #508, #3137 ) ) REPRESENTATION_CONTEXT ( 'NONE', 'WORKASPACE' ) );
#540 = DIRECTION ( 'NONE',  ( 1.000000000000000000, 0.000000000000000000, 0.000000000000000000 ) ) ;
#541 = DIRECTION ( 'NONE',  ( 1.000000000000000000, 0.000000000000000000, 0.000000000000000000 ) ) ;
#542 = VERTEX_POINT ( 'NONE', #1111 ) ;
#543 = STYLED_ITEM ( 'NONE', ( #3059 ), #3007 ) ;
#544 = DIRECTION ( 'NONE',  ( 0.000000000000000000, 0.000000000000000000, -1.000000000000000000 ) ) ;
#545 = DIRECTION ( 'NONE',  ( 0.000000000000000000, 0.000000000000000000, 1.000000000000000000 ) ) ;
#546 = DIRECTION ( 'NONE',  ( -0.000000000000000000, -0.000000000000000000, -1.000000000000000000 ) ) ;
#547 = VERTEX_POINT ( 'NONE', #2124 ) ;
#548 = EDGE_CURVE ( 'NONE', #1768, #1573, #1317, .T. ) ;
#549 = DIRECTION ( 'NONE',  ( -0.000000000000000000, -0.000000000000000000, -1.000000000000000000 ) ) ;
#550 = ORIENTED_EDGE ( 'NONE', *, *, #1432, .F. ) ;
#551 = EDGE_CURVE ( 'NONE', #2206, #201, #2251, .T. ) ;
#552 = DIRECTION ( 'NONE',  ( 1.000000000000000000, 0.000000000000000000, 0.000000000000000000 ) ) ;
#553 = DIRECTION ( 'NONE',  ( -1.000000000000000000, 0.000000000000000000, 0.000000000000000000 ) ) ;
#554 = CARTESIAN_POINT ( 'NONE',  ( -13.97000000000000064, 0.000000000000000000, 5.969999999999999751 ) ) ;
#555 = ADVANCED_BREP_SHAPE_REPRESENTATION ( 'IRS-5-10-Q12P-C', ( #707, #2504 ), #1375 ) ;
#556 = LINE ( 'NONE', #2959, #2842 ) ;
#557 = UNCERTAINTY_MEASURE_WITH_UNIT (LENGTH_MEASURE( 1.000000000000000082E-05 ), #1887, 'distance_accuracy_value', 'NONE');
#558 = VERTEX_POINT ( 'NONE', #1376 ) ;
#559 = CARTESIAN_POINT ( 'NONE',  ( -17.11785043614063540, -12.12173155784414824, -3.000000000000000000 ) ) ;
#560 = DIRECTION ( 'NONE',  ( 1.000000000000000000, 0.000000000000000000, 0.000000000000000000 ) ) ;
#561 = LINE ( 'NONE', #2616, #1470 ) ;
#562 = ORIENTED_EDGE ( 'NONE', *, *, #3284, .T. ) ;
#563 = FILL_AREA_STYLE_COLOUR ( '', #567 ) ;
#564 = EDGE_CURVE ( 'NONE', #3337, #971, #1069, .T. ) ;
#565 = ORIENTED_EDGE ( 'NONE', *, *, #2916, .T. ) ;
#566 = VECTOR ( 'NONE', #1220, 1000.000000000000000 ) ;
#567 = COLOUR_RGB ( '',0.5019607843137254832, 0.5019607843137254832, 0.5019607843137254832 ) ;
#568 = DIRECTION ( 'NONE',  ( -0.000000000000000000, -0.000000000000000000, 1.000000000000000000 ) ) ;
#569 = EDGE_CURVE ( 'NONE', #1532, #1096, #2979, .T. ) ;
#570 = DIRECTION ( 'NONE',  ( 0.000000000000000000, 0.000000000000000000, -1.000000000000000000 ) ) ;
#571 =( GEOMETRIC_REPRESENTATION_CONTEXT ( 3 ) GLOBAL_UNCERTAINTY_ASSIGNED_CONTEXT ( ( #1600 ) ) GLOBAL_UNIT_ASSIGNED_CONTEXT ( ( #1180, #1164, #1128 ) ) REPRESENTATION_CONTEXT ( 'NONE', 'WORKASPACE' ) );
#572 = CARTESIAN_POINT ( 'NONE',  ( 16.74999999999999645, -13.15000000000000213, -3.010000000000000675 ) ) ;
#573 = CARTESIAN_POINT ( 'NONE',  ( 6.871735530712825835, -4.741736504755279746, 6.349999999999999645 ) ) ;
#574 = ORIENTED_EDGE ( 'NONE', *, *, #1788, .F. ) ;
#575 = CARTESIAN_POINT ( 'NONE',  ( -11.25000000000000000, 0.000000000000000000, 6.349999999999999645 ) ) ;
#576 = AXIS2_PLACEMENT_3D ( 'NONE', #339, #2408, #1334 ) ;
#577 = CARTESIAN_POINT ( 'NONE',  ( 13.86200000000000010, 1.322618543079142387E-17, 9.369999999999999218 ) ) ;
#578 = PRESENTATION_STYLE_ASSIGNMENT (( #1130 ) ) ;
#579 = AXIS2_PLACEMENT_3D ( 'NONE', #1465, #1267, #208 ) ;
#580 = ORIENTED_EDGE ( 'NONE', *, *, #973, .F. ) ;
#581 = DIRECTION ( 'NONE',  ( -0.000000000000000000, -0.000000000000000000, -1.000000000000000000 ) ) ;
#582 = DIRECTION ( 'NONE',  ( 1.000000000000000000, 0.000000000000000000, 0.000000000000000000 ) ) ;
#583 = ORIENTED_EDGE ( 'NONE', *, *, #1328, .F. ) ;
#584 = PRESENTATION_LAYER_ASSIGNMENT (  '', '', ( #1083 ) ) ;
#585 = SURFACE_SIDE_STYLE ('',( #813 ) ) ;
#586 = CYLINDRICAL_SURFACE ( 'NONE', #2344, 1.500000000000001332 ) ;
#587 = COLOUR_RGB ( '',0.6666666666666666297, 0.6980392156862744724, 0.7686274509803920907 ) ;
#588 = EDGE_CURVE ( 'NONE', #964, #2096, #772, .T. ) ;
#589 =( GEOMETRIC_REPRESENTATION_CONTEXT ( 3 ) GLOBAL_UNCERTAINTY_ASSIGNED_CONTEXT ( ( #1013 ) ) GLOBAL_UNIT_ASSIGNED_CONTEXT ( ( #2987, #2302, #2269 ) ) REPRESENTATION_CONTEXT ( 'NONE', 'WORKASPACE' ) );
#590 = LINE ( 'NONE', #2102, #1688 ) ;
#591 = ORIENTED_EDGE ( 'NONE', *, *, #2801, .T. ) ;
#592 = CARTESIAN_POINT ( 'NONE',  ( -17.11785043614063540, 12.12173155784415535, -3.000000000000000000 ) ) ;
#593 = AXIS2_PLACEMENT_3D ( 'NONE', #2718, #908, #656 ) ;
#594 = DIRECTION ( 'NONE',  ( -1.000000000000000000, 0.000000000000000000, 0.000000000000000000 ) ) ;
#595 = PRESENTATION_STYLE_ASSIGNMENT (( #2946 ) ) ;
#596 =( GEOMETRIC_REPRESENTATION_CONTEXT ( 3 ) GLOBAL_UNCERTAINTY_ASSIGNED_CONTEXT ( ( #731 ) ) GLOBAL_UNIT_ASSIGNED_CONTEXT ( ( #2188, #1441, #1723 ) ) REPRESENTATION_CONTEXT ( 'NONE', 'WORKASPACE' ) );
#597 = ORIENTED_EDGE ( 'NONE', *, *, #942, .T. ) ;
#598 =( GEOMETRIC_REPRESENTATION_CONTEXT ( 3 ) GLOBAL_UNCERTAINTY_ASSIGNED_CONTEXT ( ( #1630 ) ) GLOBAL_UNIT_ASSIGNED_CONTEXT ( ( #921, #1208, #1173 ) ) REPRESENTATION_CONTEXT ( 'NONE', 'WORKASPACE' ) );
#599 = FILL_AREA_STYLE_COLOUR ( '', #2499 ) ;
#600 = VERTEX_POINT ( 'NONE', #2649 ) ;
#601 = FILL_AREA_STYLE_COLOUR ( '', #1398 ) ;
#602 = FILL_AREA_STYLE ('',( #1638 ) ) ;
#603 = SURFACE_STYLE_FILL_AREA ( #2221 ) ;
#604 = PRESENTATION_STYLE_ASSIGNMENT (( #1564 ) ) ;
#605 = DIRECTION ( 'NONE',  ( -0.000000000000000000, -0.000000000000000000, -1.000000000000000000 ) ) ;
#606 = EDGE_CURVE ( 'NONE', #3122, #2634, #620, .T. ) ;
#607 = ORIENTED_EDGE ( 'NONE', *, *, #1806, .F. ) ;
#608 = DIRECTION ( 'NONE',  ( 1.000000000000000000, 0.000000000000000000, 0.000000000000000000 ) ) ;
#609 = CARTESIAN_POINT ( 'NONE',  ( -14.07799999999999940, -7.620000000000000107, 9.369999999999999218 ) ) ;
#610 = EDGE_CURVE ( 'NONE', #808, #1573, #62, .T. ) ;
#611 = VERTEX_POINT ( 'NONE', #325 ) ;
#612 = CARTESIAN_POINT ( 'NONE',  ( -7.871735530712825835, -4.741736504755272641, 6.339999999999999858 ) ) ;
#613 = DIRECTION ( 'NONE',  ( 0.000000000000000000, -1.000000000000000000, 0.000000000000000000 ) ) ;
#614 = ORIENTED_EDGE ( 'NONE', *, *, #2859, .T. ) ;
#615 = SURFACE_STYLE_USAGE ( .BOTH. , #1741 ) ;
#616 = SURFACE_SIDE_STYLE ('',( #603 ) ) ;
#617 = AXIS2_PLACEMENT_3D ( 'NONE', #3300, #726, #711 ) ;
#618 = AXIS2_PLACEMENT_3D ( 'NONE', #1883, #581, #1633 ) ;
#619 = FACE_OUTER_BOUND ( 'NONE', #69, .T. ) ;
#620 = CIRCLE ( 'NONE', #849, 0.7620000000000005658 ) ;
#621 =( LENGTH_UNIT ( ) NAMED_UNIT ( * ) SI_UNIT ( .MILLI., .METRE. ) );
#622 =( NAMED_UNIT ( * ) PLANE_ANGLE_UNIT ( ) SI_UNIT ( $, .RADIAN. ) );
#623 = COLOUR_RGB ( '',0.6666666666666666297, 0.6980392156862744724, 0.7686274509803920907 ) ;
#624 = CARTESIAN_POINT ( 'NONE',  ( -16.74999999999999645, -13.15000000000000213, -6.349999999999999645 ) ) ;
#625 = ORIENTED_EDGE ( 'NONE', *, *, #227, .T. ) ;
#626 = CIRCLE ( 'NONE', #1574, 0.5079999999999997851 ) ;
#627 = DIRECTION ( 'NONE',  ( 0.000000000000000000, 0.000000000000000000, -1.000000000000000000 ) ) ;
#628 = EDGE_CURVE ( 'NONE', #1783, #164, #1560, .T. ) ;
#629 = COLOUR_RGB ( '',0.6470588235294117974, 0.5176470588235293491, 0.000000000000000000 ) ;
#630 = ORIENTED_EDGE ( 'NONE', *, *, #1123, .F. ) ;
#631 = PRESENTATION_LAYER_ASSIGNMENT (  '', '', ( #312 ) ) ;
#632 =( NAMED_UNIT ( * ) PLANE_ANGLE_UNIT ( ) SI_UNIT ( $, .RADIAN. ) );
#633 = DIRECTION ( 'NONE',  ( 1.000000000000000000, 0.000000000000000000, 0.000000000000000000 ) ) ;
#634 = SURFACE_SIDE_STYLE ('',( #2187 ) ) ;
#635 = SURFACE_SIDE_STYLE ('',( #2807 ) ) ;
#636 = COLOUR_RGB ( '',0.6470588235294117974, 0.5176470588235293491, 0.000000000000000000 ) ;
#637 = FACE_OUTER_BOUND ( 'NONE', #458, .T. ) ;
#638 = CARTESIAN_POINT ( 'NONE',  ( -17.11785043614063540, 12.12173155784415535, -3.010000000000000231 ) ) ;
#639 = VECTOR ( 'NONE', #2775, 1000.000000000000000 ) ;
#640 = PRESENTATION_STYLE_ASSIGNMENT (( #1927 ) ) ;
#641 = AXIS2_PLACEMENT_3D ( 'NONE', #2317, #1526, #2294 ) ;
#642 =( LENGTH_UNIT ( ) NAMED_UNIT ( * ) SI_UNIT ( .MILLI., .METRE. ) );
#643 = VERTEX_POINT ( 'NONE', #144 ) ;
#644 = MECHANICAL_DESIGN_GEOMETRIC_PRESENTATION_REPRESENTATION (  '', ( #762 ), #117 ) ;
#645 = PRESENTATION_STYLE_ASSIGNMENT (( #1946 ) ) ;
#646 = STYLED_ITEM ( 'NONE', ( #2328 ), #3047 ) ;
#647 = ORIENTED_EDGE ( 'NONE', *, *, #2193, .T. ) ;
#648 = EDGE_CURVE ( 'NONE', #1485, #2176, #1897, .T. ) ;
#649 = PRESENTATION_STYLE_ASSIGNMENT (( #1348 ) ) ;
#650 = STYLED_ITEM ( 'NONE', ( #2148 ), #3223 ) ;
#651 = FILL_AREA_STYLE ('',( #3008 ) ) ;
#652 = FILL_AREA_STYLE ('',( #3009 ) ) ;
#653 = ADVANCED_FACE ( 'NONE', ( #3201 ), #2753, .T. ) ;
#654 = DIRECTION ( 'NONE',  ( 1.224646799147353207E-16, 1.000000000000000000, -0.000000000000000000 ) ) ;
#655 = DIRECTION ( 'NONE',  ( 0.000000000000000000, 0.000000000000000000, 1.000000000000000000 ) ) ;
#656 = DIRECTION ( 'NONE',  ( 1.000000000000000000, 0.000000000000000000, 0.000000000000000000 ) ) ;
#657 = UNCERTAINTY_MEASURE_WITH_UNIT (LENGTH_MEASURE( 1.000000000000000082E-05 ), #317, 'distance_accuracy_value', 'NONE');
#658 = CARTESIAN_POINT ( 'NONE',  ( 13.85799999999999876, 7.620000000000000107, 9.769999999999999574 ) ) ;
#659 = SURFACE_STYLE_USAGE ( .BOTH. , #3015 ) ;
#660 = SURFACE_SIDE_STYLE ('',( #3016 ) ) ;
#661 = DIRECTION ( 'NONE',  ( 0.000000000000000000, 0.000000000000000000, -1.000000000000000000 ) ) ;
#662 = CARTESIAN_POINT ( 'NONE',  ( 16.74999999999999645, -13.15000000000000213, 5.969999999999999751 ) ) ;
#663 = ORIENTED_EDGE ( 'NONE', *, *, #1890, .T. ) ;
#664 = DIRECTION ( 'NONE',  ( 0.000000000000000000, 0.000000000000000000, -1.000000000000000000 ) ) ;
#665 = VERTEX_POINT ( 'NONE', #592 ) ;
#666 = CARTESIAN_POINT ( 'NONE',  ( 6.871735530712818729, -5.741736504755279746, 6.349999999999999645 ) ) ;
#667 = DIRECTION ( 'NONE',  ( 0.000000000000000000, 0.000000000000000000, 1.000000000000000000 ) ) ;
#668 = CARTESIAN_POINT ( 'NONE',  ( -16.74999999999999645, 13.15000000000000213, 6.349999999999999645 ) ) ;
#669 = EDGE_LOOP ( 'NONE', ( #374, #591, #2630, #832 ) ) ;
#670 = PRESENTATION_LAYER_ASSIGNMENT (  '', '', ( #187 ) ) ;
#671 = FACE_OUTER_BOUND ( 'NONE', #789, .T. ) ;
#672 = EDGE_CURVE ( 'NONE', #1819, #1404, #2468, .T. ) ;
#673 = AXIS2_PLACEMENT_3D ( 'NONE', #119, #1609, #1075 ) ;
#674 = PRESENTATION_LAYER_ASSIGNMENT (  '', '', ( #2700 ) ) ;
#675 = LINE ( 'NONE', #1690, #1841 ) ;
#676 = LINE ( 'NONE', #959, #709 ) ;
#677 = DIRECTION ( 'NONE',  ( -1.000000000000000000, 0.000000000000000000, 0.000000000000000000 ) ) ;
#678 = AXIS2_PLACEMENT_3D ( 'NONE', #2039, #1735, #2560 ) ;
#679 = PRESENTATION_STYLE_ASSIGNMENT (( #1541 ) ) ;
#680 = COLOUR_RGB ( '',0.5019607843137254832, 0.5019607843137254832, 0.5019607843137254832 ) ;
#681 = DIRECTION ( 'NONE',  ( -1.000000000000000000, 0.000000000000000000, 0.000000000000000000 ) ) ;
#682 = AXIS2_PLACEMENT_3D ( 'NONE', #2002, #2556, #206 ) ;
#683 = SURFACE_SIDE_STYLE ('',( #3188 ) ) ;
#684 = ORIENTED_EDGE ( 'NONE', *, *, #2816, .F. ) ;
#685 = TOROIDAL_SURFACE ( 'NONE', #2591, 0.1080000000000000820, 0.4000000000000000222 ) ;
#686 =( NAMED_UNIT ( * ) SI_UNIT ( $, .STERADIAN. ) SOLID_ANGLE_UNIT ( ) );
#687 = ORIENTED_EDGE ( 'NONE', *, *, #2748, .F. ) ;
#688 = FILL_AREA_STYLE ('',( #165 ) ) ;
#689 = SURFACE_STYLE_USAGE ( .BOTH. , #1740 ) ;
#690 = SURFACE_STYLE_FILL_AREA ( #652 ) ;
#691 = SURFACE_STYLE_FILL_AREA ( #461 ) ;
#692 = AXIS2_PLACEMENT_3D ( 'NONE', #176, #2209, #2489 ) ;
#693 = FILL_AREA_STYLE_COLOUR ( '', #2113 ) ;
#694 =( GEOMETRIC_REPRESENTATION_CONTEXT ( 3 ) GLOBAL_UNCERTAINTY_ASSIGNED_CONTEXT ( ( #1519 ) ) GLOBAL_UNIT_ASSIGNED_CONTEXT ( ( #3344, #1795, #2055 ) ) REPRESENTATION_CONTEXT ( 'NONE', 'WORKASPACE' ) );
#695 =( NAMED_UNIT ( * ) PLANE_ANGLE_UNIT ( ) SI_UNIT ( $, .RADIAN. ) );
#696 = SURFACE_STYLE_FILL_AREA ( #1196 ) ;
#697 = UNCERTAINTY_MEASURE_WITH_UNIT (LENGTH_MEASURE( 1.000000000000000082E-05 ), #1003, 'distance_accuracy_value', 'NONE');
#698 = CARTESIAN_POINT ( 'NONE',  ( 6.871735530712825835, 4.741736504755279746, 6.339999999999999858 ) ) ;
#699 = ADVANCED_FACE ( 'NONE', ( #338 ), #1387, .F. ) ;
#700 = CARTESIAN_POINT ( 'NONE',  ( -13.97000000000000064, 0.000000000000000000, 9.769999999999999574 ) ) ;
#701 = MECHANICAL_DESIGN_GEOMETRIC_PRESENTATION_REPRESENTATION (  '', ( #2548 ), #867 ) ;
#702 = CARTESIAN_POINT ( 'NONE',  ( -6.871735530712818729, 5.741736504755279746, 6.339999999999999858 ) ) ;
#703 = ORIENTED_EDGE ( 'NONE', *, *, #1559, .T. ) ;
#704 = ADVANCED_FACE ( 'NONE', ( #2486 ), #382, .T. ) ;
#705 = AXIS2_PLACEMENT_3D ( 'NONE', #2508, #863, #582 ) ;
#706 = CARTESIAN_POINT ( 'NONE',  ( -11.25000000000000000, 0.000000000000000000, 5.969999999999999751 ) ) ;
#707 = MANIFOLD_SOLID_BREP ( 'Fillet2', #1499 ) ;
#708 = COLOUR_RGB ( '',0.6470588235294117974, 0.5176470588235293491, 0.000000000000000000 ) ;
#709 = VECTOR ( 'NONE', #2697, 1000.000000000000000 ) ;
#710 = ORIENTED_EDGE ( 'NONE', *, *, #3150, .T. ) ;
#711 = DIRECTION ( 'NONE',  ( 1.000000000000000000, 0.000000000000000000, -0.000000000000000000 ) ) ;
#712 = SURFACE_SIDE_STYLE ('',( #2479 ) ) ;
#713 =( LENGTH_UNIT ( ) NAMED_UNIT ( * ) SI_UNIT ( .MILLI., .METRE. ) );
#714 = VECTOR ( 'NONE', #2878, 1000.000000000000000 ) ;
#715 = LINE ( 'NONE', #1979, #2999 ) ;
#716 = MECHANICAL_DESIGN_GEOMETRIC_PRESENTATION_REPRESENTATION (  '', ( #646 ), #2620 ) ;
#717 = COLOUR_RGB ( '',0.5019607843137254832, 0.5019607843137254832, 0.5019607843137254832 ) ;
#718 = DIRECTION ( 'NONE',  ( 0.000000000000000000, -1.000000000000000000, 0.000000000000000000 ) ) ;
#719 = CARTESIAN_POINT ( 'NONE',  ( -6.871735530712818729, -5.741736504755279746, 6.339999999999999858 ) ) ;
#720 = EDGE_CURVE ( 'NONE', #3122, #2410, #303, .T. ) ;
#721 = DIRECTION ( 'NONE',  ( -0.000000000000000000, -0.000000000000000000, 1.000000000000000000 ) ) ;
#722 = EDGE_LOOP ( 'NONE', ( #1338, #2812, #2340, #481 ) ) ;
#723 = FACE_BOUND ( 'NONE', #2579, .T. ) ;
#724 = EDGE_CURVE ( 'NONE', #2831, #2492, #2870, .T. ) ;
#725 = EDGE_LOOP ( 'NONE', ( #178, #3368, #2711, #1223, #1474, #329, #1971, #2236 ) ) ;
#726 = DIRECTION ( 'NONE',  ( 0.000000000000000000, 0.000000000000000000, 1.000000000000000000 ) ) ;
#727 = DIRECTION ( 'NONE',  ( -0.000000000000000000, 1.000000000000000000, 0.000000000000000000 ) ) ;
#728 = FILL_AREA_STYLE_COLOUR ( '', #2116 ) ;
#729 = CIRCLE ( 'NONE', #2306, 1.500000000000001332 ) ;
#730 = DIRECTION ( 'NONE',  ( -0.000000000000000000, -0.000000000000000000, -1.000000000000000000 ) ) ;
#731 = UNCERTAINTY_MEASURE_WITH_UNIT (LENGTH_MEASURE( 1.000000000000000082E-05 ), #2188, 'distance_accuracy_value', 'NONE');
#732 =( NAMED_UNIT ( * ) SI_UNIT ( $, .STERADIAN. ) SOLID_ANGLE_UNIT ( ) );
#733 = MECHANICAL_DESIGN_GEOMETRIC_PRESENTATION_REPRESENTATION (  '', ( #142 ), #1008 ) ;
#734 = ORIENTED_EDGE ( 'NONE', *, *, #3333, .F. ) ;
#735 = DIRECTION ( 'NONE',  ( 0.000000000000000000, 0.000000000000000000, -1.000000000000000000 ) ) ;
#736 = DIRECTION ( 'NONE',  ( 1.000000000000000000, 0.000000000000000000, 0.000000000000000000 ) ) ;
#737 = MECHANICAL_DESIGN_GEOMETRIC_PRESENTATION_REPRESENTATION (  '', ( #2420 ), #2142 ) ;
#738 =( GEOMETRIC_REPRESENTATION_CONTEXT ( 3 ) GLOBAL_UNCERTAINTY_ASSIGNED_CONTEXT ( ( #2191 ) ) GLOBAL_UNIT_ASSIGNED_CONTEXT ( ( #2192, #3014, #3030 ) ) REPRESENTATION_CONTEXT ( 'NONE', 'WORKASPACE' ) );
#739 = ORIENTED_EDGE ( 'NONE', *, *, #1514, .T. ) ;
#740 = FACE_OUTER_BOUND ( 'NONE', #1021, .T. ) ;
#741 = ADVANCED_FACE ( 'NONE', ( #3098 ), #3275, .T. ) ;
#742 = CARTESIAN_POINT ( 'NONE',  ( -16.74999999999999645, 13.15000000000000213, 5.969999999999999751 ) ) ;
#743 = DIRECTION ( 'NONE',  ( 1.000000000000000000, 0.000000000000000000, 0.000000000000000000 ) ) ;
#744 = VECTOR ( 'NONE', #63, 1000.000000000000000 ) ;
#745 = FILL_AREA_STYLE ('',( #728 ) ) ;
#746 = DIRECTION ( 'NONE',  ( -0.000000000000000000, -0.000000000000000000, -1.000000000000000000 ) ) ;
#747 = CIRCLE ( 'NONE', #1131, 0.3999999999999993006 ) ;
#748 = DIRECTION ( 'NONE',  ( -1.000000000000000000, 0.000000000000000000, 0.000000000000000000 ) ) ;
#749 =( NAMED_UNIT ( * ) PLANE_ANGLE_UNIT ( ) SI_UNIT ( $, .RADIAN. ) );
#750 = AXIS2_PLACEMENT_3D ( 'NONE', #418, #910, #3315 ) ;
#751 = SURFACE_SIDE_STYLE ('',( #1545 ) ) ;
#752 = AXIS2_PLACEMENT_3D ( 'NONE', #1161, #2174, #380 ) ;
#753 = ORIENTED_EDGE ( 'NONE', *, *, #807, .F. ) ;
#754 =( NAMED_UNIT ( * ) PLANE_ANGLE_UNIT ( ) SI_UNIT ( $, .RADIAN. ) );
#755 = LINE ( 'NONE', #2814, #1808 ) ;
#756 = ORIENTED_EDGE ( 'NONE', *, *, #1702, .F. ) ;
#757 = SURFACE_STYLE_FILL_AREA ( #495 ) ;
#758 = DIRECTION ( 'NONE',  ( -0.000000000000000000, -0.000000000000000000, -1.000000000000000000 ) ) ;
#759 = FILL_AREA_STYLE ('',( #198 ) ) ;
#760 = ADVANCED_FACE ( 'NONE', ( #1522 ), #514, .T. ) ;
#761 = VERTEX_POINT ( 'NONE', #2019 ) ;
#762 = STYLED_ITEM ( 'NONE', ( #262 ), #2941 ) ;
#763 = FILL_AREA_STYLE_COLOUR ( '', #1312 ) ;
#764 = PRESENTATION_LAYER_ASSIGNMENT (  '', '', ( #2737 ) ) ;
#765 = EDGE_CURVE ( 'NONE', #2634, #13, #2372, .T. ) ;
#766 = DIRECTION ( 'NONE',  ( 0.000000000000000000, 0.000000000000000000, 1.000000000000000000 ) ) ;
#767 =( NAMED_UNIT ( * ) SI_UNIT ( $, .STERADIAN. ) SOLID_ANGLE_UNIT ( ) );
#768 = FILL_AREA_STYLE_COLOUR ( '', #2263 ) ;
#769 = DIRECTION ( 'NONE',  ( 1.000000000000000000, 0.000000000000000000, 0.000000000000000000 ) ) ;
#770 = ORIENTED_EDGE ( 'NONE', *, *, #160, .T. ) ;
#771 = AXIS2_PLACEMENT_3D ( 'NONE', #1921, #2965, #1153 ) ;
#772 = LINE ( 'NONE', #559, #457 ) ;
#773 =( LENGTH_UNIT ( ) NAMED_UNIT ( * ) SI_UNIT ( .MILLI., .METRE. ) );
#774 = CARTESIAN_POINT ( 'NONE',  ( -16.74999999999999645, -11.65000000000000036, -3.010000000000000675 ) ) ;
#775 = EDGE_LOOP ( 'NONE', ( #2006, #1593, #912, #2233 ) ) ;
#776 = FILL_AREA_STYLE ('',( #2324 ) ) ;
#777 =( NAMED_UNIT ( * ) PLANE_ANGLE_UNIT ( ) SI_UNIT ( $, .RADIAN. ) );
#778 = VERTEX_POINT ( 'NONE', #1105 ) ;
#779 =( NAMED_UNIT ( * ) PLANE_ANGLE_UNIT ( ) SI_UNIT ( $, .RADIAN. ) );
#780 = DIRECTION ( 'NONE',  ( -1.000000000000000000, 0.000000000000000000, 0.000000000000000000 ) ) ;
#781 = ADVANCED_FACE ( 'NONE', ( #2640 ), #2927, .T. ) ;
#782 = DIRECTION ( 'NONE',  ( -1.000000000000000000, 0.000000000000000000, -0.000000000000000000 ) ) ;
#783 = EDGE_LOOP ( 'NONE', ( #2406, #1738 ) ) ;
#784 = CIRCLE ( 'NONE', #1973, 0.3999999999999993006 ) ;
#785 = CARTESIAN_POINT ( 'NONE',  ( 14.07799999999999940, 0.000000000000000000, 9.369999999999999218 ) ) ;
#786 = FILL_AREA_STYLE_COLOUR ( '', #2061 ) ;
#787 =( GEOMETRIC_REPRESENTATION_CONTEXT ( 3 ) GLOBAL_UNCERTAINTY_ASSIGNED_CONTEXT ( ( #2368 ) ) GLOBAL_UNIT_ASSIGNED_CONTEXT ( ( #988, #2013, #2513 ) ) REPRESENTATION_CONTEXT ( 'NONE', 'WORKASPACE' ) );
#788 = MECHANICAL_DESIGN_GEOMETRIC_PRESENTATION_REPRESENTATION (  '', ( #2819 ), #1067 ) ;
#789 = EDGE_LOOP ( 'NONE', ( #2567, #2038, #1344, #2260, #2115, #3307, #1155, #337 ) ) ;
#790 = AXIS2_PLACEMENT_3D ( 'NONE', #804, #1845, #2926 ) ;
#791 = FACE_OUTER_BOUND ( 'NONE', #3373, .T. ) ;
#792 = DIRECTION ( 'NONE',  ( -1.000000000000000000, 0.000000000000000000, 0.000000000000000000 ) ) ;
#793 = VECTOR ( 'NONE', #2439, 1000.000000000000000 ) ;
#794 =( GEOMETRIC_REPRESENTATION_CONTEXT ( 3 ) GLOBAL_UNCERTAINTY_ASSIGNED_CONTEXT ( ( #1625 ) ) GLOBAL_UNIT_ASSIGNED_CONTEXT ( ( #2507, #2238, #2995 ) ) REPRESENTATION_CONTEXT ( 'NONE', 'WORKASPACE' ) );
#795 = EDGE_LOOP ( 'NONE', ( #897, #802, #195, #1316 ) ) ;
#796 =( GEOMETRIC_REPRESENTATION_CONTEXT ( 3 ) GLOBAL_UNCERTAINTY_ASSIGNED_CONTEXT ( ( #2574 ) ) GLOBAL_UNIT_ASSIGNED_CONTEXT ( ( #1863, #825, #1064 ) ) REPRESENTATION_CONTEXT ( 'NONE', 'WORKASPACE' ) );
#797 = DIRECTION ( 'NONE',  ( -1.000000000000000000, 0.000000000000000000, 0.000000000000000000 ) ) ;
#798 = AXIS2_PLACEMENT_3D ( 'NONE', #1944, #113, #933 ) ;
#799 = SURFACE_SIDE_STYLE ('',( #2628 ) ) ;
#800 = CARTESIAN_POINT ( 'NONE',  ( 13.97000000000000064, 7.620000000000000107, 9.119999999999999218 ) ) ;
#801 = EDGE_CURVE ( 'NONE', #995, #3246, #1396, .T. ) ;
#802 = ORIENTED_EDGE ( 'NONE', *, *, #2360, .T. ) ;
#803 = MECHANICAL_DESIGN_GEOMETRIC_PRESENTATION_REPRESENTATION (  '', ( #1026 ), #694 ) ;
#804 = CARTESIAN_POINT ( 'NONE',  ( -16.74999999999999645, 11.65000000000000036, -3.010000000000000675 ) ) ;
#805 = CARTESIAN_POINT ( 'NONE',  ( 13.97000000000000064, 3.810000000000000053, 9.369999999999999218 ) ) ;
#806 = MECHANICAL_DESIGN_GEOMETRIC_PRESENTATION_REPRESENTATION (  '', ( #2214 ), #3053 ) ;
#807 = EDGE_CURVE ( 'NONE', #2206, #761, #2766, .T. ) ;
#808 = VERTEX_POINT ( 'NONE', #1365 ) ;
#809 = AXIS2_PLACEMENT_3D ( 'NONE', #392, #869, #1908 ) ;
#810 = FILL_AREA_STYLE ('',( #3156 ) ) ;
#811 = VECTOR ( 'NONE', #3017, 1000.000000000000000 ) ;
#812 = ORIENTED_EDGE ( 'NONE', *, *, #564, .F. ) ;
#813 = SURFACE_STYLE_FILL_AREA ( #1905 ) ;
#814 = CARTESIAN_POINT ( 'NONE',  ( -17.11785043614063540, -12.12173155784414824, -3.010000000000000231 ) ) ;
#815 = CIRCLE ( 'NONE', #641, 0.7620000000000005658 ) ;
#816 =( NAMED_UNIT ( * ) PLANE_ANGLE_UNIT ( ) SI_UNIT ( $, .RADIAN. ) );
#817 = CIRCLE ( 'NONE', #2732, 1.500000000000001332 ) ;
#818 = CARTESIAN_POINT ( 'NONE',  ( 18.25000000000000000, 11.65000000000000036, 6.349999999999999645 ) ) ;
#819 = TOROIDAL_SURFACE ( 'NONE', #428, 0.1080000000000000820, 0.4000000000000000222 ) ;
#820 = PRESENTATION_STYLE_ASSIGNMENT (( #2890 ) ) ;
#821 = DIRECTION ( 'NONE',  ( 0.000000000000000000, 0.000000000000000000, 1.000000000000000000 ) ) ;
#822 = EDGE_LOOP ( 'NONE', ( #2910, #260 ) ) ;
#823 = AXIS2_PLACEMENT_3D ( 'NONE', #3160, #1089, #1366 ) ;
#824 = DIRECTION ( 'NONE',  ( 0.000000000000000000, 0.000000000000000000, -1.000000000000000000 ) ) ;
#825 =( NAMED_UNIT ( * ) PLANE_ANGLE_UNIT ( ) SI_UNIT ( $, .RADIAN. ) );
#826 = ADVANCED_FACE ( 'NONE', ( #2398 ), #685, .T. ) ;
#827 = FILL_AREA_STYLE ('',( #2141 ) ) ;
#828 = VERTEX_POINT ( 'NONE', #2165 ) ;
#829 = PLANE ( 'NONE',  #1610 ) ;
#830 = ADVANCED_FACE ( 'NONE', ( #901 ), #3023, .T. ) ;
#831 = CARTESIAN_POINT ( 'NONE',  ( -13.86200000000147270, 7.620000000000000107, 9.369999999999999218 ) ) ;
#832 = ORIENTED_EDGE ( 'NONE', *, *, #205, .T. ) ;
#833 = DIRECTION ( 'NONE',  ( 0.000000000000000000, 0.000000000000000000, 1.000000000000000000 ) ) ;
#834 = DIRECTION ( 'NONE',  ( 0.000000000000000000, 0.000000000000000000, -1.000000000000000000 ) ) ;
#835 = DIRECTION ( 'NONE',  ( -0.000000000000000000, -0.000000000000000000, -1.000000000000000000 ) ) ;
#836 = DIRECTION ( 'NONE',  ( 0.000000000000000000, 1.000000000000000000, 0.000000000000000000 ) ) ;
#837 = SURFACE_SIDE_STYLE ('',( #1330 ) ) ;
#838 = DIRECTION ( 'NONE',  ( 0.000000000000000000, 0.000000000000000000, 1.000000000000000000 ) ) ;
#839 = UNCERTAINTY_MEASURE_WITH_UNIT (LENGTH_MEASURE( 1.000000000000000082E-05 ), #1540, 'distance_accuracy_value', 'NONE');
#840 = VERTEX_POINT ( 'NONE', #2986 ) ;
#841 = DIRECTION ( 'NONE',  ( 0.000000000000000000, -1.000000000000000000, 0.000000000000000000 ) ) ;
#842 = FILL_AREA_STYLE ('',( #3183 ) ) ;
#843 = LINE ( 'NONE', #1335, #2339 ) ;
#844 = ORIENTED_EDGE ( 'NONE', *, *, #1430, .T. ) ;
#845 = COLOUR_RGB ( '',0.6470588235294117974, 0.5176470588235293491, 0.000000000000000000 ) ;
#846 = DIRECTION ( 'NONE',  ( -0.000000000000000000, -1.000000000000000000, -0.000000000000000000 ) ) ;
#847 = EDGE_LOOP ( 'NONE', ( #710, #1666, #2025, #2092 ) ) ;
#848 = EDGE_CURVE ( 'NONE', #2485, #2456, #1684, .T. ) ;
#849 = AXIS2_PLACEMENT_3D ( 'NONE', #1356, #2139, #2389 ) ;
#850 = AXIS2_PLACEMENT_3D ( 'NONE', #1648, #343, #1070 ) ;
#851 = CARTESIAN_POINT ( 'NONE',  ( -13.86200000000000010, -7.620000000000000107, 9.369999999999999218 ) ) ;
#852 = STYLED_ITEM ( 'NONE', ( #2453 ), #39 ) ;
#853 =( NAMED_UNIT ( * ) SI_UNIT ( $, .STERADIAN. ) SOLID_ANGLE_UNIT ( ) );
#854 = VECTOR ( 'NONE', #1172, 1000.000000000000000 ) ;
#855 = DIRECTION ( 'NONE',  ( -1.000000000000000000, 0.000000000000000000, 0.000000000000000000 ) ) ;
#856 = PRESENTATION_STYLE_ASSIGNMENT (( #1108 ) ) ;
#857 = EDGE_LOOP ( 'NONE', ( #861, #2780, #864, #291 ) ) ;
#858 =( LENGTH_UNIT ( ) NAMED_UNIT ( * ) SI_UNIT ( .MILLI., .METRE. ) );
#859 = STYLED_ITEM ( 'NONE', ( #3349 ), #1165 ) ;
#860 = DIRECTION ( 'NONE',  ( -1.000000000000000000, 0.000000000000000000, 0.000000000000000000 ) ) ;
#861 = ORIENTED_EDGE ( 'NONE', *, *, #2129, .T. ) ;
#862 = CARTESIAN_POINT ( 'NONE',  ( -13.97000000000147324, 7.620000000000000107, 9.769999999999999574 ) ) ;
#863 = DIRECTION ( 'NONE',  ( 0.000000000000000000, 0.000000000000000000, 1.000000000000000000 ) ) ;
#864 = ORIENTED_EDGE ( 'NONE', *, *, #2728, .T. ) ;
#865 = DIRECTION ( 'NONE',  ( -0.000000000000000000, -0.000000000000000000, -1.000000000000000000 ) ) ;
#866 = DIRECTION ( 'NONE',  ( 1.000000000000000000, 0.000000000000000000, 0.000000000000000000 ) ) ;
#867 =( GEOMETRIC_REPRESENTATION_CONTEXT ( 3 ) GLOBAL_UNCERTAINTY_ASSIGNED_CONTEXT ( ( #225 ) ) GLOBAL_UNIT_ASSIGNED_CONTEXT ( ( #1073, #816, #1368 ) ) REPRESENTATION_CONTEXT ( 'NONE', 'WORKASPACE' ) );
#868 = EDGE_CURVE ( 'NONE', #524, #2417, #1429, .T. ) ;
#869 = DIRECTION ( 'NONE',  ( -0.000000000000000000, -0.000000000000000000, -1.000000000000000000 ) ) ;
#870 = COLOUR_RGB ( '',0.5019607843137254832, 0.5019607843137254832, 0.5019607843137254832 ) ;
#871 = SURFACE_STYLE_FILL_AREA ( #3152 ) ;
#872 = ADVANCED_FACE ( 'NONE', ( #1976 ), #1992, .F. ) ;
#873 = CARTESIAN_POINT ( 'NONE',  ( 6.871735530712825835, -4.741736504755279746, 6.339999999999999858 ) ) ;
#874 = AXIS2_PLACEMENT_3D ( 'NONE', #3304, #377, #633 ) ;
#875 = TOROIDAL_SURFACE ( 'NONE', #3165, 0.1120000000000009877, 0.6500000000000000222 ) ;
#876 = DIRECTION ( 'NONE',  ( 1.000000000000000000, 0.000000000000000000, 0.000000000000000000 ) ) ;
#877 = UNCERTAINTY_MEASURE_WITH_UNIT (LENGTH_MEASURE( 1.000000000000000082E-05 ), #3078, 'distance_accuracy_value', 'NONE');
#878 = EDGE_LOOP ( 'NONE', ( #2745, #3129 ) ) ;
#879 =( NAMED_UNIT ( * ) PLANE_ANGLE_UNIT ( ) SI_UNIT ( $, .RADIAN. ) );
#880 = STYLED_ITEM ( 'NONE', ( #578 ), #2904 ) ;
#881 = PRESENTATION_STYLE_ASSIGNMENT (( #2754 ) ) ;
#882 = DIRECTION ( 'NONE',  ( -0.000000000000000000, -0.000000000000000000, -1.000000000000000000 ) ) ;
#883 = MECHANICAL_DESIGN_GEOMETRIC_PRESENTATION_REPRESENTATION (  '', ( #170 ), #596 ) ;
#884 = VERTEX_POINT ( 'NONE', #2063 ) ;
#885 = FILL_AREA_STYLE ('',( #2724 ) ) ;
#886 = CARTESIAN_POINT ( 'NONE',  ( 14.47799999999999976, 3.810000000000000053, 9.369999999999999218 ) ) ;
#887 = AXIS2_PLACEMENT_3D ( 'NONE', #2399, #1619, #2166 ) ;
#888 = VERTEX_POINT ( 'NONE', #3355 ) ;
#889 = SURFACE_STYLE_FILL_AREA ( #2097 ) ;
#890 = DIRECTION ( 'NONE',  ( -0.000000000000000000, -1.000000000000000000, -0.000000000000000000 ) ) ;
#891 =( NAMED_UNIT ( * ) SI_UNIT ( $, .STERADIAN. ) SOLID_ANGLE_UNIT ( ) );
#892 = CARTESIAN_POINT ( 'NONE',  ( -13.97000000000000064, -7.620000000000000107, 9.769999999999999574 ) ) ;
#893 = CARTESIAN_POINT ( 'NONE',  ( 11.25000000000000000, -13.15000000000000213, 5.969999999999999751 ) ) ;
#894 = ORIENTED_EDGE ( 'NONE', *, *, #2447, .F. ) ;
#895 = EDGE_CURVE ( 'NONE', #778, #3347, #3126, .T. ) ;
#896 =( LENGTH_UNIT ( ) NAMED_UNIT ( * ) SI_UNIT ( .MILLI., .METRE. ) );
#897 = ORIENTED_EDGE ( 'NONE', *, *, #2511, .T. ) ;
#898 =( LENGTH_UNIT ( ) NAMED_UNIT ( * ) SI_UNIT ( .MILLI., .METRE. ) );
#899 = ORIENTED_EDGE ( 'NONE', *, *, #440, .T. ) ;
#900 = CIRCLE ( 'NONE', #2415, 0.5079999999999997851 ) ;
#901 = FACE_OUTER_BOUND ( 'NONE', #822, .T. ) ;
#902 = MECHANICAL_DESIGN_GEOMETRIC_PRESENTATION_REPRESENTATION (  '', ( #296 ), #1875 ) ;
#903 = VECTOR ( 'NONE', #758, 1000.000000000000000 ) ;
#904 = PLANE ( 'NONE',  #430 ) ;
#905 = CIRCLE ( 'NONE', #2034, 0.5079999999999997851 ) ;
#906 = PRESENTATION_LAYER_ASSIGNMENT (  '', '', ( #1341 ) ) ;
#907 = DIRECTION ( 'NONE',  ( -1.000000000000000000, 0.000000000000000000, 0.000000000000000000 ) ) ;
#908 = DIRECTION ( 'NONE',  ( -0.000000000000000000, -0.000000000000000000, -1.000000000000000000 ) ) ;
#909 = UNCERTAINTY_MEASURE_WITH_UNIT (LENGTH_MEASURE( 1.000000000000000082E-05 ), #898, 'distance_accuracy_value', 'NONE');
#910 = DIRECTION ( 'NONE',  ( 0.000000000000000000, 0.000000000000000000, 1.000000000000000000 ) ) ;
#911 = EDGE_CURVE ( 'NONE', #1900, #1136, #1052, .T. ) ;
#912 = ORIENTED_EDGE ( 'NONE', *, *, #1665, .T. ) ;
#913 = VECTOR ( 'NONE', #493, 1000.000000000000000 ) ;
#914 = DIRECTION ( 'NONE',  ( -0.000000000000000000, -0.000000000000000000, -1.000000000000000000 ) ) ;
#915 = PRESENTATION_LAYER_ASSIGNMENT (  '', '', ( #2774 ) ) ;
#916 = EDGE_CURVE ( 'NONE', #295, #2085, #3241, .T. ) ;
#917 = ORIENTED_EDGE ( 'NONE', *, *, #958, .T. ) ;
#918 =( LENGTH_UNIT ( ) NAMED_UNIT ( * ) SI_UNIT ( .MILLI., .METRE. ) );
#919 =( GEOMETRIC_REPRESENTATION_CONTEXT ( 3 ) GLOBAL_UNCERTAINTY_ASSIGNED_CONTEXT ( ( #1004 ) ) GLOBAL_UNIT_ASSIGNED_CONTEXT ( ( #2923, #2666, #2682 ) ) REPRESENTATION_CONTEXT ( 'NONE', 'WORKASPACE' ) );
#920 = DIRECTION ( 'NONE',  ( 0.000000000000000000, 0.000000000000000000, 1.000000000000000000 ) ) ;
#921 =( LENGTH_UNIT ( ) NAMED_UNIT ( * ) SI_UNIT ( .MILLI., .METRE. ) );
#922 = FILL_AREA_STYLE_COLOUR ( '', #2668 ) ;
#923 = PRESENTATION_LAYER_ASSIGNMENT (  '', '', ( #2493 ) ) ;
#924 =( LENGTH_UNIT ( ) NAMED_UNIT ( * ) SI_UNIT ( .MILLI., .METRE. ) );
#925 = COLOUR_RGB ( '',0.6470588235294117974, 0.5176470588235293491, 0.000000000000000000 ) ;
#926 = DIRECTION ( 'NONE',  ( -0.000000000000000000, -0.000000000000000000, -1.000000000000000000 ) ) ;
#927 = CARTESIAN_POINT ( 'NONE',  ( 18.25000000000000000, 11.65000000000000036, -3.000000000000000888 ) ) ;
#928 = CIRCLE ( 'NONE', #1796, 0.3999999999999993006 ) ;
#929 = PRESENTATION_STYLE_ASSIGNMENT (( #140 ) ) ;
#930 = FILL_AREA_STYLE ('',( #3258 ) ) ;
#931 = FILL_AREA_STYLE_COLOUR ( '', #2487 ) ;
#932 = COLOUR_RGB ( '',0.6666666666666666297, 0.6980392156862744724, 0.7686274509803920907 ) ;
#933 = DIRECTION ( 'NONE',  ( 1.000000000000000000, 0.000000000000000000, 0.000000000000000000 ) ) ;
#934 = ORIENTED_EDGE ( 'NONE', *, *, #1076, .T. ) ;
#935 =( GEOMETRIC_REPRESENTATION_CONTEXT ( 3 ) GLOBAL_UNCERTAINTY_ASSIGNED_CONTEXT ( ( #1249 ) ) GLOBAL_UNIT_ASSIGNED_CONTEXT ( ( #1745, #1230, #30 ) ) REPRESENTATION_CONTEXT ( 'NONE', 'WORKASPACE' ) );
#936 = SURFACE_SIDE_STYLE ('',( #1662 ) ) ;
#937 = DIRECTION ( 'NONE',  ( 0.000000000000000000, -0.000000000000000000, -1.000000000000000000 ) ) ;
#938 = STYLED_ITEM ( 'NONE', ( #203 ), #3068 ) ;
#939 = VERTEX_POINT ( 'NONE', #2833 ) ;
#940 = SURFACE_STYLE_FILL_AREA ( #2245 ) ;
#941 = AXIS2_PLACEMENT_3D ( 'NONE', #2581, #1817, #3322 ) ;
#942 = EDGE_CURVE ( 'NONE', #1964, #1819, #1228, .T. ) ;
#943 = FACE_OUTER_BOUND ( 'NONE', #2244, .T. ) ;
#944 =( NAMED_UNIT ( * ) SI_UNIT ( $, .STERADIAN. ) SOLID_ANGLE_UNIT ( ) );
#945 = SURFACE_STYLE_USAGE ( .BOTH. , #1937 ) ;
#946 = LINE ( 'NONE', #366, #2336 ) ;
#947 = UNCERTAINTY_MEASURE_WITH_UNIT (LENGTH_MEASURE( 1.000000000000000082E-05 ), #3134, 'distance_accuracy_value', 'NONE');
#948 =( NAMED_UNIT ( * ) SI_UNIT ( $, .STERADIAN. ) SOLID_ANGLE_UNIT ( ) );
#949 = CARTESIAN_POINT ( 'NONE',  ( -18.25000000000000000, 0.000000000000000000, 5.969999999999999751 ) ) ;
#950 = SURFACE_STYLE_FILL_AREA ( #2211 ) ;
#951 = ORIENTED_EDGE ( 'NONE', *, *, #2278, .T. ) ;
#952 =( LENGTH_UNIT ( ) NAMED_UNIT ( * ) SI_UNIT ( .MILLI., .METRE. ) );
#953 = VERTEX_POINT ( 'NONE', #2288 ) ;
#954 = PRESENTATION_STYLE_ASSIGNMENT (( #3251 ) ) ;
#955 = CARTESIAN_POINT ( 'NONE',  ( 0.000000000000000000, -13.15000000000000213, 5.969999999999999751 ) ) ;
#956 = ADVANCED_FACE ( 'NONE', ( #496 ), #2565, .T. ) ;
#957 = CIRCLE ( 'NONE', #1399, 1.500000000000001332 ) ;
#958 = EDGE_CURVE ( 'NONE', #1408, #1168, #268, .T. ) ;
#959 = CARTESIAN_POINT ( 'NONE',  ( 11.25000000000000000, 13.15000000000000213, 5.969999999999999751 ) ) ;
#960 = AXIS2_PLACEMENT_3D ( 'NONE', #276, #2895, #2875 ) ;
#961 = SURFACE_STYLE_USAGE ( .BOTH. , #3290 ) ;
#962 = AXIS2_PLACEMENT_3D ( 'NONE', #2132, #833, #552 ) ;
#963 = CARTESIAN_POINT ( 'NONE',  ( -18.25000000000000000, -11.65000000000000036, -3.010000000000000675 ) ) ;
#964 = VERTEX_POINT ( 'NONE', #3140 ) ;
#965 = SURFACE_STYLE_FILL_AREA ( #455 ) ;
#966 =( LENGTH_UNIT ( ) NAMED_UNIT ( * ) SI_UNIT ( .MILLI., .METRE. ) );
#967 = ORIENTED_EDGE ( 'NONE', *, *, #765, .F. ) ;
#968 =( NAMED_UNIT ( * ) PLANE_ANGLE_UNIT ( ) SI_UNIT ( $, .RADIAN. ) );
#969 = DIRECTION ( 'NONE',  ( 0.000000000000000000, 0.000000000000000000, 1.000000000000000000 ) ) ;
#970 = DIRECTION ( 'NONE',  ( 1.000000000000000000, 0.000000000000000000, 0.000000000000000000 ) ) ;
#971 = VERTEX_POINT ( 'NONE', #1569 ) ;
#972 = FILL_AREA_STYLE ('',( #3235 ) ) ;
#973 = EDGE_CURVE ( 'NONE', #169, #2542, #1549, .T. ) ;
#974 = VECTOR ( 'NONE', #2645, 1000.000000000000000 ) ;
#975 = SURFACE_STYLE_USAGE ( .BOTH. , #2290 ) ;
#976 = UNCERTAINTY_MEASURE_WITH_UNIT (LENGTH_MEASURE( 1.000000000000000082E-05 ), #429, 'distance_accuracy_value', 'NONE');
#977 = CARTESIAN_POINT ( 'NONE',  ( -16.74999999999999645, 11.65000000000000036, -6.349999999999999645 ) ) ;
#978 = ADVANCED_FACE ( 'NONE', ( #791 ), #1510, .T. ) ;
#979 = FILL_AREA_STYLE ('',( #1482 ) ) ;
#980 = FACE_OUTER_BOUND ( 'NONE', #74, .T. ) ;
#981 = PRESENTATION_LAYER_ASSIGNMENT (  '', '', ( #2548 ) ) ;
#982 = ORIENTED_EDGE ( 'NONE', *, *, #1011, .T. ) ;
#983 = SURFACE_STYLE_FILL_AREA ( #1286 ) ;
#984 = CIRCLE ( 'NONE', #1635, 0.1080000000000004567 ) ;
#985 = CARTESIAN_POINT ( 'NONE',  ( 13.97000000000000064, 7.620000000000000107, 9.769999999999999574 ) ) ;
#986 = AXIS2_PLACEMENT_3D ( 'NONE', #522, #3121, #769 ) ;
#987 = ORIENTED_EDGE ( 'NONE', *, *, #3186, .T. ) ;
#988 =( LENGTH_UNIT ( ) NAMED_UNIT ( * ) SI_UNIT ( .MILLI., .METRE. ) );
#989 = CARTESIAN_POINT ( 'NONE',  ( -6.871735530712825835, 4.741736504755279746, 6.339999999999999858 ) ) ;
#990 = CIRCLE ( 'NONE', #1694, 0.3999999999999993006 ) ;
#991 =( LENGTH_UNIT ( ) NAMED_UNIT ( * ) SI_UNIT ( .MILLI., .METRE. ) );
#992 = DIRECTION ( 'NONE',  ( 0.000000000000000000, -0.000000000000000000, -1.000000000000000000 ) ) ;
#993 = PRESENTATION_STYLE_ASSIGNMENT (( #2590 ) ) ;
#994 = ADVANCED_FACE ( 'NONE', ( #1835 ), #2128, .T. ) ;
#995 = VERTEX_POINT ( 'NONE', #3187 ) ;
#996 = FACE_OUTER_BOUND ( 'NONE', #1381, .T. ) ;
#997 = FACE_OUTER_BOUND ( 'NONE', #3283, .T. ) ;
#998 = ORIENTED_EDGE ( 'NONE', *, *, #2898, .T. ) ;
#999 = PRESENTATION_STYLE_ASSIGNMENT (( #2266 ) ) ;
#1000 = DIRECTION ( 'NONE',  ( -0.000000000000000000, -0.000000000000000000, -1.000000000000000000 ) ) ;
#1001 = SURFACE_SIDE_STYLE ('',( #1550 ) ) ;
#1002 = ORIENTED_EDGE ( 'NONE', *, *, #3238, .T. ) ;
#1003 =( LENGTH_UNIT ( ) NAMED_UNIT ( * ) SI_UNIT ( .MILLI., .METRE. ) );
#1004 = UNCERTAINTY_MEASURE_WITH_UNIT (LENGTH_MEASURE( 1.000000000000000082E-05 ), #2923, 'distance_accuracy_value', 'NONE');
#1005 =( LENGTH_UNIT ( ) NAMED_UNIT ( * ) SI_UNIT ( .MILLI., .METRE. ) );
#1006 = DIRECTION ( 'NONE',  ( 0.000000000000000000, 0.000000000000000000, 1.000000000000000000 ) ) ;
#1007 = FACE_BOUND ( 'NONE', #1967, .T. ) ;
#1008 =( GEOMETRIC_REPRESENTATION_CONTEXT ( 3 ) GLOBAL_UNCERTAINTY_ASSIGNED_CONTEXT ( ( #2862 ) ) GLOBAL_UNIT_ASSIGNED_CONTEXT ( ( #2473, #1963, #1454 ) ) REPRESENTATION_CONTEXT ( 'NONE', 'WORKASPACE' ) );
#1009 = ORIENTED_EDGE ( 'NONE', *, *, #3310, .F. ) ;
#1010 = AXIS2_PLACEMENT_3D ( 'NONE', #862, #2635, #2163 ) ;
#1011 = EDGE_CURVE ( 'NONE', #600, #1485, #1557, .T. ) ;
#1012 = CIRCLE ( 'NONE', #2313, 1.000000000000000000 ) ;
#1013 = UNCERTAINTY_MEASURE_WITH_UNIT (LENGTH_MEASURE( 1.000000000000000082E-05 ), #2987, 'distance_accuracy_value', 'NONE');
#1014 = ORIENTED_EDGE ( 'NONE', *, *, #3284, .F. ) ;
#1015 = FACE_OUTER_BOUND ( 'NONE', #2550, .T. ) ;
#1016 = AXIS2_PLACEMENT_3D ( 'NONE', #1637, #1382, #1607 ) ;
#1017 = CARTESIAN_POINT ( 'NONE',  ( -13.46200000000147234, 7.620000000000000107, 9.769999999999999574 ) ) ;
#1018 =( NAMED_UNIT ( * ) SI_UNIT ( $, .STERADIAN. ) SOLID_ANGLE_UNIT ( ) );
#1019 = EDGE_CURVE ( 'NONE', #169, #2048, #3089, .T. ) ;
#1020 = DIRECTION ( 'NONE',  ( 0.000000000000000000, 0.000000000000000000, 1.000000000000000000 ) ) ;
#1021 = EDGE_LOOP ( 'NONE', ( #347, #753, #191, #550 ) ) ;
#1022 = CARTESIAN_POINT ( 'NONE',  ( -18.25000000000000000, -11.65000000000000036, 6.349999999999999645 ) ) ;
#1023 =( NAMED_UNIT ( * ) SI_UNIT ( $, .STERADIAN. ) SOLID_ANGLE_UNIT ( ) );
#1024 = COLOUR_RGB ( '',0.6470588235294117974, 0.5176470588235293491, 0.000000000000000000 ) ;
#1025 = CARTESIAN_POINT ( 'NONE',  ( -16.74999999999999645, 13.15000000000000213, 6.349999999999999645 ) ) ;
#1026 = STYLED_ITEM ( 'NONE', ( #2540 ), #1729 ) ;
#1027 = FACE_OUTER_BOUND ( 'NONE', #1037, .T. ) ;
#1028 = LINE ( 'NONE', #470, #2060 ) ;
#1029 = STYLED_ITEM ( 'NONE', ( #464 ), #1968 ) ;
#1030 = ORIENTED_EDGE ( 'NONE', *, *, #3345, .F. ) ;
#1031 =( NAMED_UNIT ( * ) PLANE_ANGLE_UNIT ( ) SI_UNIT ( $, .RADIAN. ) );
#1032 = ORIENTED_EDGE ( 'NONE', *, *, #2665, .T. ) ;
#1033 = AXIS2_PLACEMENT_3D ( 'NONE', #3173, #549, #792 ) ;
#1034 = PRODUCT_RELATED_PRODUCT_CATEGORY ( 'part', '', ( #4 ) ) ;
#1035 = MECHANICAL_DESIGN_GEOMETRIC_PRESENTATION_REPRESENTATION (  '', ( #1914 ), #6 ) ;
#1036 = AXIS2_PLACEMENT_3D ( 'NONE', #1873, #2610, #1352 ) ;
#1037 = EDGE_LOOP ( 'NONE', ( #2074, #3213, #2428, #2912 ) ) ;
#1038 = EDGE_CURVE ( 'NONE', #2653, #888, #1495, .T. ) ;
#1039 = PRODUCT_DEFINITION_FORMATION_WITH_SPECIFIED_SOURCE ( 'ANY', '', #4, .NOT_KNOWN. ) ;
#1040 = AXIS2_PLACEMENT_3D ( 'NONE', #1692, #3013, #1924 ) ;
#1041 = PLANE ( 'NONE',  #2397 ) ;
#1042 = SURFACE_SIDE_STYLE ('',( #3177 ) ) ;
#1043 =( GEOMETRIC_REPRESENTATION_CONTEXT ( 3 ) GLOBAL_UNCERTAINTY_ASSIGNED_CONTEXT ( ( #2506 ) ) GLOBAL_UNIT_ASSIGNED_CONTEXT ( ( #924, #1175, #1263 ) ) REPRESENTATION_CONTEXT ( 'NONE', 'WORKASPACE' ) );
#1044 = SURFACE_STYLE_FILL_AREA ( #8 ) ;
#1045 = PRESENTATION_LAYER_ASSIGNMENT (  '', '', ( #3124 ) ) ;
#1046 = CARTESIAN_POINT ( 'NONE',  ( 13.97000000000000064, 7.620000000000000107, 9.119999999999999218 ) ) ;
#1047 = LINE ( 'NONE', #521, #265 ) ;
#1048 = SURFACE_STYLE_USAGE ( .BOTH. , #2541 ) ;
#1049 = ORIENTED_EDGE ( 'NONE', *, *, #1784, .T. ) ;
#1050 = FILL_AREA_STYLE_COLOUR ( '', #2432 ) ;
#1051 = ORIENTED_EDGE ( 'NONE', *, *, #1821, .T. ) ;
#1052 = LINE ( 'NONE', #1017, #903 ) ;
#1053 = DIRECTION ( 'NONE',  ( -0.000000000000000000, -0.000000000000000000, -1.000000000000000000 ) ) ;
#1054 = ORIENTED_EDGE ( 'NONE', *, *, #163, .F. ) ;
#1055 = EDGE_CURVE ( 'NONE', #1136, #371, #1880, .T. ) ;
#1056 = PRESENTATION_STYLE_ASSIGNMENT (( #2133 ) ) ;
#1057 = CARTESIAN_POINT ( 'NONE',  ( 13.46199999999999974, 0.000000000000000000, 5.969999999999999751 ) ) ;
#1058 = MECHANICAL_DESIGN_GEOMETRIC_PRESENTATION_REPRESENTATION (  '', ( #2521 ), #3286 ) ;
#1059 = CARTESIAN_POINT ( 'NONE',  ( -16.74999999999999645, -11.65000000000000036, 6.349999999999999645 ) ) ;
#1060 = DIRECTION ( 'NONE',  ( 1.000000000000000000, 0.000000000000000000, 0.000000000000000000 ) ) ;
#1061 = ORIENTED_EDGE ( 'NONE', *, *, #1724, .F. ) ;
#1062 =( NAMED_UNIT ( * ) PLANE_ANGLE_UNIT ( ) SI_UNIT ( $, .RADIAN. ) );
#1063 = PLANE ( 'NONE',  #1260 ) ;
#1064 =( NAMED_UNIT ( * ) SI_UNIT ( $, .STERADIAN. ) SOLID_ANGLE_UNIT ( ) );
#1065 = CARTESIAN_POINT ( 'NONE',  ( 16.74999999999999645, -13.15000000000000213, -3.000000000000000888 ) ) ;
#1066 = MECHANICAL_DESIGN_GEOMETRIC_PRESENTATION_REPRESENTATION (  '', ( #2081 ), #2817 ) ;
#1067 =( GEOMETRIC_REPRESENTATION_CONTEXT ( 3 ) GLOBAL_UNCERTAINTY_ASSIGNED_CONTEXT ( ( #1894 ) ) GLOBAL_UNIT_ASSIGNED_CONTEXT ( ( #1816, #2882, #2913 ) ) REPRESENTATION_CONTEXT ( 'NONE', 'WORKASPACE' ) );
#1068 = EDGE_LOOP ( 'NONE', ( #215, #2029, #1427, #406 ) ) ;
#1069 = CIRCLE ( 'NONE', #2308, 1.500000000000001332 ) ;
#1070 = DIRECTION ( 'NONE',  ( 1.000000000000000000, 0.000000000000000000, 0.000000000000000000 ) ) ;
#1071 = ORIENTED_EDGE ( 'NONE', *, *, #911, .T. ) ;
#1072 = CARTESIAN_POINT ( 'NONE',  ( 13.97000000000000064, 0.000000000000000000, 9.369999999999999218 ) ) ;
#1073 =( LENGTH_UNIT ( ) NAMED_UNIT ( * ) SI_UNIT ( .MILLI., .METRE. ) );
#1074 = VECTOR ( 'NONE', #1613, 1000.000000000000000 ) ;
#1075 = DIRECTION ( 'NONE',  ( 1.000000000000000000, 0.000000000000000000, 0.000000000000000000 ) ) ;
#1076 = EDGE_CURVE ( 'NONE', #2085, #295, #3295, .T. ) ;
#1077 = DIRECTION ( 'NONE',  ( -1.000000000000000000, -0.000000000000000000, -0.000000000000000000 ) ) ;
#1078 =( NAMED_UNIT ( * ) SI_UNIT ( $, .STERADIAN. ) SOLID_ANGLE_UNIT ( ) );
#1079 = UNCERTAINTY_MEASURE_WITH_UNIT (LENGTH_MEASURE( 1.000000000000000082E-05 ), #2544, 'distance_accuracy_value', 'NONE');
#1080 = ORIENTED_EDGE ( 'NONE', *, *, #610, .T. ) ;
#1081 = ADVANCED_FACE ( 'NONE', ( #2093 ), #829, .F. ) ;
#1082 = CARTESIAN_POINT ( 'NONE',  ( -16.74999999999999645, 11.65000000000000036, 5.969999999999999751 ) ) ;
#1083 = STYLED_ITEM ( 'NONE', ( #1433 ), #1929 ) ;
#1084 = EDGE_LOOP ( 'NONE', ( #1922, #3039, #2684, #580 ) ) ;
#1085 = DIRECTION ( 'NONE',  ( 0.000000000000000000, 1.000000000000000000, -0.000000000000000000 ) ) ;
#1086 = STYLED_ITEM ( 'NONE', ( #1254 ), #2423 ) ;
#1087 = EDGE_LOOP ( 'NONE', ( #1615, #1722 ) ) ;
#1088 = PRESENTATION_STYLE_ASSIGNMENT (( #2412 ) ) ;
#1089 = DIRECTION ( 'NONE',  ( -0.000000000000000000, -0.000000000000000000, -1.000000000000000000 ) ) ;
#1090 = VECTOR ( 'NONE', #2367, 1000.000000000000000 ) ;
#1091 = SURFACE_SIDE_STYLE ('',( #3131 ) ) ;
#1092 = VECTOR ( 'NONE', #860, 1000.000000000000000 ) ;
#1093 = PRESENTATION_LAYER_ASSIGNMENT (  '', '', ( #543 ) ) ;
#1094 = DIRECTION ( 'NONE',  ( -0.000000000000000000, -0.000000000000000000, -1.000000000000000000 ) ) ;
#1095 = CARTESIAN_POINT ( 'NONE',  ( -6.871735530712825835, -4.741736504755279746, 6.339999999999999858 ) ) ;
#1096 = VERTEX_POINT ( 'NONE', #387 ) ;
#1097 = CIRCLE ( 'NONE', #67, 1.500000000000001332 ) ;
#1098 = CARTESIAN_POINT ( 'NONE',  ( -16.74999999999999645, 13.15000000000000213, -3.000000000000000888 ) ) ;
#1099 = LINE ( 'NONE', #1646, #714 ) ;
#1100 = ADVANCED_FACE ( 'NONE', ( #2474 ), #2197, .T. ) ;
#1101 = ORIENTED_EDGE ( 'NONE', *, *, #2576, .F. ) ;
#1102 = SURFACE_STYLE_USAGE ( .BOTH. , #1116 ) ;
#1103 = CARTESIAN_POINT ( 'NONE',  ( -17.11785043614063540, -12.12173155784414824, -3.000000000000000000 ) ) ;
#1104 = EDGE_LOOP ( 'NONE', ( #476, #2286, #81, #95 ) ) ;
#1105 = CARTESIAN_POINT ( 'NONE',  ( -7.871735530712825835, 4.741736504755272641, 6.339999999999999858 ) ) ;
#1106 = FACE_OUTER_BOUND ( 'NONE', #725, .T. ) ;
#1107 =( NAMED_UNIT ( * ) PLANE_ANGLE_UNIT ( ) SI_UNIT ( $, .RADIAN. ) );
#1108 = SURFACE_STYLE_USAGE ( .BOTH. , #1314 ) ;
#1109 = UNCERTAINTY_MEASURE_WITH_UNIT (LENGTH_MEASURE( 1.000000000000000082E-05 ), #2514, 'distance_accuracy_value', 'NONE');
#1110 = VERTEX_POINT ( 'NONE', #886 ) ;
#1111 = CARTESIAN_POINT ( 'NONE',  ( 11.25000000000000000, -13.15000000000000213, 6.349999999999999645 ) ) ;
#1112 = SURFACE_SIDE_STYLE ('',( #1877 ) ) ;
#1113 = LINE ( 'NONE', #2090, #2171 ) ;
#1114 = VERTEX_POINT ( 'NONE', #1663 ) ;
#1115 = EDGE_CURVE ( 'NONE', #3246, #2798, #729, .T. ) ;
#1116 = SURFACE_SIDE_STYLE ('',( #1391 ) ) ;
#1117 = AXIS2_PLACEMENT_3D ( 'NONE', #3088, #727, #2600 ) ;
#1118 = SURFACE_STYLE_USAGE ( .BOTH. , #683 ) ;
#1119 = ORIENTED_EDGE ( 'NONE', *, *, #1468, .T. ) ;
#1120 = AXIS2_PLACEMENT_3D ( 'NONE', #2510, #735, #3334 ) ;
#1121 = PRESENTATION_LAYER_ASSIGNMENT (  '', '', ( #852 ) ) ;
#1122 = STYLED_ITEM ( 'NONE', ( #1472 ), #1140 ) ;
#1123 = EDGE_CURVE ( 'NONE', #3278, #371, #2708, .T. ) ;
#1124 =( GEOMETRIC_REPRESENTATION_CONTEXT ( 3 ) GLOBAL_UNCERTAINTY_ASSIGNED_CONTEXT ( ( #1353 ) ) GLOBAL_UNIT_ASSIGNED_CONTEXT ( ( #2185, #632, #2730 ) ) REPRESENTATION_CONTEXT ( 'NONE', 'WORKASPACE' ) );
#1125 = SURFACE_STYLE_FILL_AREA ( #2482 ) ;
#1126 = CARTESIAN_POINT ( 'NONE',  ( -17.11785043614063540, 12.12173155784415535, -3.000000000000000000 ) ) ;
#1127 = EDGE_LOOP ( 'NONE', ( #27, #770, #2583, #1827 ) ) ;
#1128 =( NAMED_UNIT ( * ) SI_UNIT ( $, .STERADIAN. ) SOLID_ANGLE_UNIT ( ) );
#1129 = AXIS2_PLACEMENT_3D ( 'NONE', #985, #3297, #2010 ) ;
#1130 = SURFACE_STYLE_USAGE ( .BOTH. , #2911 ) ;
#1131 = AXIS2_PLACEMENT_3D ( 'NONE', #609, #1467, #3276 ) ;
#1132 = ORIENTED_EDGE ( 'NONE', *, *, #2104, .T. ) ;
#1133 =( NAMED_UNIT ( * ) SI_UNIT ( $, .STERADIAN. ) SOLID_ANGLE_UNIT ( ) );
#1134 = DIRECTION ( 'NONE',  ( 1.000000000000000000, 0.000000000000000000, 0.000000000000000000 ) ) ;
#1135 = AXIS2_PLACEMENT_3D ( 'NONE', #1824, #1872, #540 ) ;
#1136 = VERTEX_POINT ( 'NONE', #1698 ) ;
#1137 = VECTOR ( 'NONE', #184, 1000.000000000000000 ) ;
#1138 = DIRECTION ( 'NONE',  ( 1.000000000000000000, 0.000000000000000000, 0.000000000000000000 ) ) ;
#1139 = CARTESIAN_POINT ( 'NONE',  ( 7.871735530712825835, 4.741736504755272641, 6.339999999999999858 ) ) ;
#1140 = ADVANCED_FACE ( 'NONE', ( #407 ), #3248, .T. ) ;
#1141 = PRESENTATION_LAYER_ASSIGNMENT (  '', '', ( #1686 ) ) ;
#1142 = CARTESIAN_POINT ( 'NONE',  ( 14.47799999999999976, -3.810000000000000053, 9.769999999999999574 ) ) ;
#1143 = CIRCLE ( 'NONE', #2896, 0.5079999999999997851 ) ;
#1144 = CARTESIAN_POINT ( 'NONE',  ( 16.74999999999999645, 11.65000000000000036, -3.010000000000000675 ) ) ;
#1145 = UNCERTAINTY_MEASURE_WITH_UNIT (LENGTH_MEASURE( 1.000000000000000082E-05 ), #2145, 'distance_accuracy_value', 'NONE');
#1146 = EDGE_LOOP ( 'NONE', ( #1926, #2421, #2155, #134 ) ) ;
#1147 = SURFACE_STYLE_FILL_AREA ( #111 ) ;
#1148 = CARTESIAN_POINT ( 'NONE',  ( 17.11785043614062829, -12.12173155784414824, -3.010000000000000231 ) ) ;
#1149 = DIRECTION ( 'NONE',  ( -1.000000000000000000, 0.000000000000000000, 0.000000000000000000 ) ) ;
#1150 = PRESENTATION_LAYER_ASSIGNMENT (  '', '', ( #938 ) ) ;
#1151 = ORIENTED_EDGE ( 'NONE', *, *, #3190, .F. ) ;
#1152 =( LENGTH_UNIT ( ) NAMED_UNIT ( * ) SI_UNIT ( .MILLI., .METRE. ) );
#1153 = DIRECTION ( 'NONE',  ( -1.000000000000000000, 0.000000000000000000, 0.000000000000000000 ) ) ;
#1154 = PRESENTATION_LAYER_ASSIGNMENT (  '', '', ( #432 ) ) ;
#1155 = ORIENTED_EDGE ( 'NONE', *, *, #1392, .F. ) ;
#1156 = SURFACE_STYLE_FILL_AREA ( #302 ) ;
#1157 =( NAMED_UNIT ( * ) SI_UNIT ( $, .STERADIAN. ) SOLID_ANGLE_UNIT ( ) );
#1158 = CYLINDRICAL_SURFACE ( 'NONE', #809, 0.5079999999999997851 ) ;
#1159 = SURFACE_STYLE_FILL_AREA ( #1209 ) ;
#1160 = EDGE_CURVE ( 'NONE', #2676, #665, #755, .T. ) ;
#1161 = CARTESIAN_POINT ( 'NONE',  ( 13.97000000000000064, -7.620000000000000107, 9.119999999999999218 ) ) ;
#1162 =( LENGTH_UNIT ( ) NAMED_UNIT ( * ) SI_UNIT ( .MILLI., .METRE. ) );
#1163 = FILL_AREA_STYLE ('',( #2973 ) ) ;
#1164 =( NAMED_UNIT ( * ) PLANE_ANGLE_UNIT ( ) SI_UNIT ( $, .RADIAN. ) );
#1165 = ADVANCED_FACE ( 'NONE', ( #997 ), #2825, .T. ) ;
#1166 = DIRECTION ( 'NONE',  ( 0.000000000000000000, 0.000000000000000000, 1.000000000000000000 ) ) ;
#1167 = CYLINDRICAL_SURFACE ( 'NONE', #3314, 0.5079999999999997851 ) ;
#1168 = VERTEX_POINT ( 'NONE', #3105 ) ;
#1169 = FACE_OUTER_BOUND ( 'NONE', #1868, .T. ) ;
#1170 = ORIENTED_EDGE ( 'NONE', *, *, #1011, .F. ) ;
#1171 = CIRCLE ( 'NONE', #244, 1.500000000000001332 ) ;
#1172 = DIRECTION ( 'NONE',  ( -0.000000000000000000, -0.000000000000000000, 1.000000000000000000 ) ) ;
#1173 =( NAMED_UNIT ( * ) SI_UNIT ( $, .STERADIAN. ) SOLID_ANGLE_UNIT ( ) );
#1174 = CARTESIAN_POINT ( 'NONE',  ( -13.46199999999999974, -7.620000000000000107, 9.769999999999999574 ) ) ;
#1175 =( NAMED_UNIT ( * ) PLANE_ANGLE_UNIT ( ) SI_UNIT ( $, .RADIAN. ) );
#1176 = DIRECTION ( 'NONE',  ( -0.000000000000000000, -0.000000000000000000, -1.000000000000000000 ) ) ;
#1177 = CARTESIAN_POINT ( 'NONE',  ( 6.871735530712818729, 5.741736504755279746, 6.339999999999999858 ) ) ;
#1178 = EDGE_CURVE ( 'NONE', #2934, #408, #2988, .T. ) ;
#1179 = CARTESIAN_POINT ( 'NONE',  ( -13.46199999999999974, 6.221205739668557773E-17, 9.369999999999999218 ) ) ;
#1180 =( LENGTH_UNIT ( ) NAMED_UNIT ( * ) SI_UNIT ( .MILLI., .METRE. ) );
#1181 = FILL_AREA_STYLE ('',( #931 ) ) ;
#1182 = FACE_OUTER_BOUND ( 'NONE', #1238, .T. ) ;
#1183 = EDGE_CURVE ( 'NONE', #3167, #3299, #3253, .T. ) ;
#1184 = ORIENTED_EDGE ( 'NONE', *, *, #3170, .T. ) ;
#1185 = CIRCLE ( 'NONE', #3100, 0.3999999999999993006 ) ;
#1186 = FACE_OUTER_BOUND ( 'NONE', #878, .T. ) ;
#1187 = DIRECTION ( 'NONE',  ( -1.000000000000000000, 0.000000000000000000, 0.000000000000000000 ) ) ;
#1188 = STYLED_ITEM ( 'NONE', ( #2228 ), #1473 ) ;
#1189 = ORIENTED_EDGE ( 'NONE', *, *, #2597, .F. ) ;
#1190 = CARTESIAN_POINT ( 'NONE',  ( 17.11785043614062829, 12.12173155784415535, -3.010000000000000231 ) ) ;
#1191 = STYLED_ITEM ( 'NONE', ( #993 ), #1679 ) ;
#1192 = DIRECTION ( 'NONE',  ( 1.000000000000000000, 0.000000000000000000, 0.000000000000000000 ) ) ;
#1193 = CARTESIAN_POINT ( 'NONE',  ( 13.97000000000000064, -3.810000000000000053, 9.769999999999999574 ) ) ;
#1194 =( GEOMETRIC_REPRESENTATION_CONTEXT ( 3 ) GLOBAL_UNCERTAINTY_ASSIGNED_CONTEXT ( ( #3096 ) ) GLOBAL_UNIT_ASSIGNED_CONTEXT ( ( #1672, #154, #2204 ) ) REPRESENTATION_CONTEXT ( 'NONE', 'WORKASPACE' ) );
#1195 = CARTESIAN_POINT ( 'NONE',  ( 13.97000000000000064, 0.000000000000000000, 9.369999999999999218 ) ) ;
#1196 = FILL_AREA_STYLE ('',( #155 ) ) ;
#1197 = VECTOR ( 'NONE', #846, 1000.000000000000000 ) ;
#1198 = VERTEX_POINT ( 'NONE', #3052 ) ;
#1199 = FACE_OUTER_BOUND ( 'NONE', #3158, .T. ) ;
#1200 = SURFACE_SIDE_STYLE ('',( #3291 ) ) ;
#1201 = ORIENTED_EDGE ( 'NONE', *, *, #1328, .T. ) ;
#1202 = MECHANICAL_DESIGN_GEOMETRIC_PRESENTATION_REPRESENTATION (  '', ( #168 ), #3119 ) ;
#1203 = LINE ( 'NONE', #612, #2757 ) ;
#1204 = SURFACE_SIDE_STYLE ('',( #162 ) ) ;
#1205 = EDGE_CURVE ( 'NONE', #1404, #2349, #2259, .T. ) ;
#1206 = AXIS2_PLACEMENT_3D ( 'NONE', #3028, #1461, #2502 ) ;
#1207 = ORIENTED_EDGE ( 'NONE', *, *, #911, .F. ) ;
#1208 =( NAMED_UNIT ( * ) PLANE_ANGLE_UNIT ( ) SI_UNIT ( $, .RADIAN. ) );
#1209 = FILL_AREA_STYLE ('',( #1955 ) ) ;
#1210 = CARTESIAN_POINT ( 'NONE',  ( -13.86200000000147270, 7.620000000000000107, 9.769999999999999574 ) ) ;
#1211 = UNCERTAINTY_MEASURE_WITH_UNIT (LENGTH_MEASURE( 1.000000000000000082E-05 ), #1252, 'distance_accuracy_value', 'NONE');
#1212 = SURFACE_STYLE_USAGE ( .BOTH. , #3046 ) ;
#1213 = FACE_OUTER_BOUND ( 'NONE', #2323, .T. ) ;
#1214 = CARTESIAN_POINT ( 'NONE',  ( 18.25000000000000000, 11.65000000000000036, -3.010000000000000675 ) ) ;
#1215 = CARTESIAN_POINT ( 'NONE',  ( -13.97000000000147324, 7.620000000000000107, 9.769999999999999574 ) ) ;
#1216 = ORIENTED_EDGE ( 'NONE', *, *, #1890, .F. ) ;
#1217 = DIRECTION ( 'NONE',  ( 0.000000000000000000, 0.000000000000000000, 1.000000000000000000 ) ) ;
#1218 = EDGE_LOOP ( 'NONE', ( #607, #597, #2199, #3155 ) ) ;
#1219 = PRODUCT_DEFINITION ( 'UNKNOWN', '', #1039, #3072 ) ;
#1220 = DIRECTION ( 'NONE',  ( -0.000000000000000000, -1.000000000000000000, -0.000000000000000000 ) ) ;
#1221 = LINE ( 'NONE', #955, #172 ) ;
#1222 =( NAMED_UNIT ( * ) PLANE_ANGLE_UNIT ( ) SI_UNIT ( $, .RADIAN. ) );
#1223 = ORIENTED_EDGE ( 'NONE', *, *, #2773, .T. ) ;
#1224 = EDGE_CURVE ( 'NONE', #3054, #1768, #2545, .T. ) ;
#1225 = PRESENTATION_LAYER_ASSIGNMENT (  '', '', ( #2255 ) ) ;
#1226 = DIRECTION ( 'NONE',  ( -0.000000000000000000, -0.000000000000000000, -1.000000000000000000 ) ) ;
#1227 = AXIS2_PLACEMENT_3D ( 'NONE', #977, #2564, #233 ) ;
#1228 = CIRCLE ( 'NONE', #3356, 1.500000000000001332 ) ;
#1229 =( NAMED_UNIT ( * ) SI_UNIT ( $, .STERADIAN. ) SOLID_ANGLE_UNIT ( ) );
#1230 =( NAMED_UNIT ( * ) PLANE_ANGLE_UNIT ( ) SI_UNIT ( $, .RADIAN. ) );
#1231 = CIRCLE ( 'NONE', #1339, 0.6499999999999995781 ) ;
#1232 = COLOUR_RGB ( '',0.5019607843137254832, 0.5019607843137254832, 0.5019607843137254832 ) ;
#1233 = DIRECTION ( 'NONE',  ( 0.000000000000000000, -0.000000000000000000, -1.000000000000000000 ) ) ;
#1234 = CARTESIAN_POINT ( 'NONE',  ( 13.46199999999999974, -3.810000000000000053, 9.369999999999999218 ) ) ;
#1235 = CARTESIAN_POINT ( 'NONE',  ( 16.74999999999999645, 13.15000000000000213, 6.349999999999999645 ) ) ;
#1236 = MECHANICAL_DESIGN_GEOMETRIC_PRESENTATION_REPRESENTATION (  '', ( #2202 ), #571 ) ;
#1237 = ORIENTED_EDGE ( 'NONE', *, *, #3002, .F. ) ;
#1238 = EDGE_LOOP ( 'NONE', ( #1773, #2181, #2144, #2105 ) ) ;
#1239 = SURFACE_SIDE_STYLE ('',( #1739 ) ) ;
#1240 =( LENGTH_UNIT ( ) NAMED_UNIT ( * ) SI_UNIT ( .MILLI., .METRE. ) );
#1241 =( GEOMETRIC_REPRESENTATION_CONTEXT ( 3 ) GLOBAL_UNCERTAINTY_ASSIGNED_CONTEXT ( ( #3367 ) ) GLOBAL_UNIT_ASSIGNED_CONTEXT ( ( #1943, #3242, #3229 ) ) REPRESENTATION_CONTEXT ( 'NONE', 'WORKASPACE' ) );
#1242 = PRESENTATION_STYLE_ASSIGNMENT (( #2767 ) ) ;
#1243 = ORIENTED_EDGE ( 'NONE', *, *, #1590, .T. ) ;
#1244 = VECTOR ( 'NONE', #1094, 1000.000000000000000 ) ;
#1245 = SURFACE_SIDE_STYLE ('',( #1553 ) ) ;
#1246 =( GEOMETRIC_REPRESENTATION_CONTEXT ( 3 ) GLOBAL_UNCERTAINTY_ASSIGNED_CONTEXT ( ( #3060 ) ) GLOBAL_UNIT_ASSIGNED_CONTEXT ( ( #2607, #1311, #2587 ) ) REPRESENTATION_CONTEXT ( 'NONE', 'WORKASPACE' ) );
#1247 = EDGE_CURVE ( 'NONE', #13, #2410, #2713, .T. ) ;
#1248 = SURFACE_STYLE_FILL_AREA ( #204 ) ;
#1249 = UNCERTAINTY_MEASURE_WITH_UNIT (LENGTH_MEASURE( 1.000000000000000082E-05 ), #1745, 'distance_accuracy_value', 'NONE');
#1250 = DIRECTION ( 'NONE',  ( 0.000000000000000000, -1.000000000000000000, 0.000000000000000000 ) ) ;
#1251 = PRESENTATION_LAYER_ASSIGNMENT (  '', '', ( #3212 ) ) ;
#1252 =( LENGTH_UNIT ( ) NAMED_UNIT ( * ) SI_UNIT ( .MILLI., .METRE. ) );
#1253 = AXIS2_PLACEMENT_3D ( 'NONE', #1277, #2820, #743 ) ;
#1254 = PRESENTATION_STYLE_ASSIGNMENT (( #490 ) ) ;
#1255 = ORIENTED_EDGE ( 'NONE', *, *, #2841, .T. ) ;
#1256 = AXIS2_PLACEMENT_3D ( 'NONE', #892, #15, #3371 ) ;
#1257 = ORIENTED_EDGE ( 'NONE', *, *, #1055, .T. ) ;
#1258 = SURFACE_SIDE_STYLE ('',( #940 ) ) ;
#1259 = SURFACE_STYLE_USAGE ( .BOTH. , #1001 ) ;
#1260 = AXIS2_PLACEMENT_3D ( 'NONE', #2087, #545, #3222 ) ;
#1261 = EDGE_LOOP ( 'NONE', ( #3069, #323, #899, #3277 ) ) ;
#1262 = MECHANICAL_DESIGN_GEOMETRIC_PRESENTATION_REPRESENTATION (  '', ( #2737 ), #224 ) ;
#1263 =( NAMED_UNIT ( * ) SI_UNIT ( $, .STERADIAN. ) SOLID_ANGLE_UNIT ( ) );
#1264 = FACE_OUTER_BOUND ( 'NONE', #2304, .T. ) ;
#1265 = EDGE_CURVE ( 'NONE', #2417, #2456, #1347, .T. ) ;
#1266 =( NAMED_UNIT ( * ) SI_UNIT ( $, .STERADIAN. ) SOLID_ANGLE_UNIT ( ) );
#1267 = DIRECTION ( 'NONE',  ( 0.000000000000000000, 0.000000000000000000, 1.000000000000000000 ) ) ;
#1268 = FILL_AREA_STYLE ('',( #768 ) ) ;
#1269 = CARTESIAN_POINT ( 'NONE',  ( -7.871735530712825835, -4.741736504755279746, 6.349999999999999645 ) ) ;
#1270 = EDGE_LOOP ( 'NONE', ( #2296, #388, #565, #1611 ) ) ;
#1271 = ADVANCED_FACE ( 'NONE', ( #2284 ), #410, .T. ) ;
#1272 = SURFACE_SIDE_STYLE ('',( #1530 ) ) ;
#1273 = EDGE_LOOP ( 'NONE', ( #2947, #2838, #180, #3332 ) ) ;
#1274 = SURFACE_SIDE_STYLE ('',( #757 ) ) ;
#1275 = SURFACE_STYLE_USAGE ( .BOTH. , #1304 ) ;
#1276 = PLANE ( 'NONE',  #941 ) ;
#1277 = CARTESIAN_POINT ( 'NONE',  ( 13.97000000000000064, -3.810000000000000053, 9.769999999999999574 ) ) ;
#1278 = ORIENTED_EDGE ( 'NONE', *, *, #2916, .F. ) ;
#1279 =( NAMED_UNIT ( * ) SI_UNIT ( $, .STERADIAN. ) SOLID_ANGLE_UNIT ( ) );
#1280 = DIRECTION ( 'NONE',  ( 1.000000000000000000, 0.000000000000000000, 0.000000000000000000 ) ) ;
#1281 = FACE_BOUND ( 'NONE', #1655, .T. ) ;
#1282 = DIRECTION ( 'NONE',  ( -1.000000000000000000, 0.000000000000000000, 0.000000000000000000 ) ) ;
#1283 = UNCERTAINTY_MEASURE_WITH_UNIT (LENGTH_MEASURE( 1.000000000000000082E-05 ), #896, 'distance_accuracy_value', 'NONE');
#1284 = ORIENTED_EDGE ( 'NONE', *, *, #2250, .F. ) ;
#1285 = VECTOR ( 'NONE', #3109, 1000.000000000000000 ) ;
#1286 = FILL_AREA_STYLE ('',( #3348 ) ) ;
#1287 = STYLED_ITEM ( 'NONE', ( #240 ), #741 ) ;
#1288 = EDGE_CURVE ( 'NONE', #3299, #2445, #439, .T. ) ;
#1289 = VERTEX_POINT ( 'NONE', #2371 ) ;
#1290 = AXIS2_PLACEMENT_3D ( 'NONE', #1325, #2692, #2379 ) ;
#1291 = CARTESIAN_POINT ( 'NONE',  ( 16.74999999999999645, 11.65000000000000036, 6.349999999999999645 ) ) ;
#1292 = CARTESIAN_POINT ( 'NONE',  ( 18.25000000000000000, -11.65000000000000036, -6.349999999999999645 ) ) ;
#1293 =( LENGTH_UNIT ( ) NAMED_UNIT ( * ) SI_UNIT ( .MILLI., .METRE. ) );
#1294 = ORIENTED_EDGE ( 'NONE', *, *, #2321, .T. ) ;
#1295 = CARTESIAN_POINT ( 'NONE',  ( 13.97000000000000064, -7.620000000000000107, 9.769999999999999574 ) ) ;
#1296 = SURFACE_SIDE_STYLE ('',( #1044 ) ) ;
#1297 = MECHANICAL_DESIGN_GEOMETRIC_PRESENTATION_REPRESENTATION (  '', ( #312 ), #1839 ) ;
#1298 = SURFACE_STYLE_USAGE ( .BOTH. , #1502 ) ;
#1299 =( NAMED_UNIT ( * ) PLANE_ANGLE_UNIT ( ) SI_UNIT ( $, .RADIAN. ) );
#1300 = MECHANICAL_DESIGN_GEOMETRIC_PRESENTATION_REPRESENTATION (  '', ( #1029 ), #2329 ) ;
#1301 = EDGE_LOOP ( 'NONE', ( #1601, #583 ) ) ;
#1302 = ORIENTED_EDGE ( 'NONE', *, *, #1247, .F. ) ;
#1303 = ADVANCED_FACE ( 'NONE', ( #2650 ), #310, .T. ) ;
#1304 = SURFACE_SIDE_STYLE ('',( #234 ) ) ;
#1305 = PRESENTATION_LAYER_ASSIGNMENT (  '', '', ( #1914 ) ) ;
#1306 = MECHANICAL_DESIGN_GEOMETRIC_PRESENTATION_REPRESENTATION (  '', ( #2786 ), #2168 ) ;
#1307 = ORIENTED_EDGE ( 'NONE', *, *, #3279, .F. ) ;
#1308 = MECHANICAL_DESIGN_GEOMETRIC_PRESENTATION_REPRESENTATION (  '', ( #2734 ), #539 ) ;
#1309 = EDGE_CURVE ( 'NONE', #1436, #547, #151, .T. ) ;
#1310 = DIRECTION ( 'NONE',  ( 1.000000000000000000, 0.000000000000000000, -0.000000000000000000 ) ) ;
#1311 =( NAMED_UNIT ( * ) PLANE_ANGLE_UNIT ( ) SI_UNIT ( $, .RADIAN. ) );
#1312 = COLOUR_RGB ( '',0.5019607843137254832, 0.5019607843137254832, 0.5019607843137254832 ) ;
#1313 = CARTESIAN_POINT ( 'NONE',  ( -11.25000000000000000, -13.15000000000000213, 5.969999999999999751 ) ) ;
#1314 = SURFACE_SIDE_STYLE ('',( #2404 ) ) ;
#1315 = UNCERTAINTY_MEASURE_WITH_UNIT (LENGTH_MEASURE( 1.000000000000000082E-05 ), #642, 'distance_accuracy_value', 'NONE');
#1316 = ORIENTED_EDGE ( 'NONE', *, *, #3190, .T. ) ;
#1317 = LINE ( 'NONE', #1876, #3354 ) ;
#1318 = DIRECTION ( 'NONE',  ( 1.000000000000000000, 0.000000000000000000, 0.000000000000000000 ) ) ;
#1319 =( NAMED_UNIT ( * ) SI_UNIT ( $, .STERADIAN. ) SOLID_ANGLE_UNIT ( ) );
#1320 = ORIENTED_EDGE ( 'NONE', *, *, #361, .F. ) ;
#1321 =( NAMED_UNIT ( * ) PLANE_ANGLE_UNIT ( ) SI_UNIT ( $, .RADIAN. ) );
#1322 = SURFACE_STYLE_FILL_AREA ( #2914 ) ;
#1323 = EDGE_CURVE ( 'NONE', #761, #2593, #1185, .T. ) ;
#1324 = EDGE_LOOP ( 'NONE', ( #499, #3125, #2925, #61, #147, #2272, #3249, #1918 ) ) ;
#1325 = CARTESIAN_POINT ( 'NONE',  ( -13.97000000000000064, 0.000000000000000000, 9.369999999999999218 ) ) ;
#1326 = CARTESIAN_POINT ( 'NONE',  ( 18.25000000000000000, 11.65000000000000036, 5.969999999999999751 ) ) ;
#1327 = DIRECTION ( 'NONE',  ( 1.000000000000000000, 0.000000000000000000, -0.000000000000000000 ) ) ;
#1328 = EDGE_CURVE ( 'NONE', #1289, #2964, #1836, .T. ) ;
#1329 = CARTESIAN_POINT ( 'NONE',  ( -13.46199999999999974, 6.221205739668557773E-17, 5.969999999999999751 ) ) ;
#1330 = SURFACE_STYLE_FILL_AREA ( #40 ) ;
#1331 = CARTESIAN_POINT ( 'NONE',  ( -13.46199999999999974, -7.620000000000000107, 5.969999999999999751 ) ) ;
#1332 = ORIENTED_EDGE ( 'NONE', *, *, #1702, .T. ) ;
#1333 = CARTESIAN_POINT ( 'NONE',  ( 18.25000000000000000, -11.65000000000000036, -3.010000000000000675 ) ) ;
#1334 = DIRECTION ( 'NONE',  ( -1.000000000000000000, 0.000000000000000000, 0.000000000000000000 ) ) ;
#1335 = CARTESIAN_POINT ( 'NONE',  ( 6.871735530712818729, -5.741736504755279746, 6.339999999999999858 ) ) ;
#1336 = VECTOR ( 'NONE', #132, 1000.000000000000000 ) ;
#1337 = PRESENTATION_LAYER_ASSIGNMENT (  '', '', ( #249 ) ) ;
#1338 = ORIENTED_EDGE ( 'NONE', *, *, #2429, .F. ) ;
#1339 = AXIS2_PLACEMENT_3D ( 'NONE', #3168, #2106, #824 ) ;
#1340 = SURFACE_STYLE_USAGE ( .BOTH. , #1851 ) ;
#1341 = STYLED_ITEM ( 'NONE', ( #929 ), #20 ) ;
#1342 = FILL_AREA_STYLE ('',( #3128 ) ) ;
#1343 = PRESENTATION_LAYER_ASSIGNMENT (  '', '', ( #3301 ) ) ;
#1344 = ORIENTED_EDGE ( 'NONE', *, *, #124, .F. ) ;
#1345 =( NAMED_UNIT ( * ) SI_UNIT ( $, .STERADIAN. ) SOLID_ANGLE_UNIT ( ) );
#1346 = FILL_AREA_STYLE_COLOUR ( '', #1582 ) ;
#1347 = CIRCLE ( 'NONE', #1782, 1.000000000000000000 ) ;
#1348 = SURFACE_STYLE_USAGE ( .BOTH. , #1598 ) ;
#1349 = EDGE_CURVE ( 'NONE', #2542, #2559, #626, .T. ) ;
#1350 =( GEOMETRIC_REPRESENTATION_CONTEXT ( 3 ) GLOBAL_UNCERTAINTY_ASSIGNED_CONTEXT ( ( #523 ) ) GLOBAL_UNIT_ASSIGNED_CONTEXT ( ( #1523, #1501, #767 ) ) REPRESENTATION_CONTEXT ( 'NONE', 'WORKASPACE' ) );
#1351 = LINE ( 'NONE', #1892, #2717 ) ;
#1352 = DIRECTION ( 'NONE',  ( 1.000000000000000000, 0.000000000000000000, 0.000000000000000000 ) ) ;
#1353 = UNCERTAINTY_MEASURE_WITH_UNIT (LENGTH_MEASURE( 1.000000000000000082E-05 ), #2185, 'distance_accuracy_value', 'NONE');
#1354 = ORIENTED_EDGE ( 'NONE', *, *, #610, .F. ) ;
#1355 = VECTOR ( 'NONE', #469, 1000.000000000000000 ) ;
#1356 = CARTESIAN_POINT ( 'NONE',  ( 13.97000000000000064, 7.620000000000000107, 9.119999999999999218 ) ) ;
#1357 = CARTESIAN_POINT ( 'NONE',  ( -6.871735530712818729, 5.741736504755279746, 6.349999999999999645 ) ) ;
#1358 = AXIS2_PLACEMENT_3D ( 'NONE', #1496, #730, #2016 ) ;
#1359 = ORIENTED_EDGE ( 'NONE', *, *, #2388, .F. ) ;
#1360 = MECHANICAL_DESIGN_GEOMETRIC_PRESENTATION_REPRESENTATION (  '', ( #2608 ), #2889 ) ;
#1361 = PRODUCT_CONTEXT ( 'NONE', #3094, 'mechanical' ) ;
#1362 = DIRECTION ( 'NONE',  ( 0.000000000000000000, -1.000000000000000000, 0.000000000000000000 ) ) ;
#1363 = PRESENTATION_LAYER_ASSIGNMENT (  '', '', ( #1903 ) ) ;
#1364 = ORIENTED_EDGE ( 'NONE', *, *, #2345, .T. ) ;
#1365 = CARTESIAN_POINT ( 'NONE',  ( -11.25000000000000000, -13.15000000000000213, 6.349999999999999645 ) ) ;
#1366 = DIRECTION ( 'NONE',  ( 1.000000000000000000, 0.000000000000000000, 0.000000000000000000 ) ) ;
#1367 =( GEOMETRIC_REPRESENTATION_CONTEXT ( 3 ) GLOBAL_UNCERTAINTY_ASSIGNED_CONTEXT ( ( #447 ) ) GLOBAL_UNIT_ASSIGNED_CONTEXT ( ( #241, #1299, #2037 ) ) REPRESENTATION_CONTEXT ( 'NONE', 'WORKASPACE' ) );
#1368 =( NAMED_UNIT ( * ) SI_UNIT ( $, .STERADIAN. ) SOLID_ANGLE_UNIT ( ) );
#1369 = LINE ( 'NONE', #2921, #2871 ) ;
#1370 = AXIS2_PLACEMENT_3D ( 'NONE', #1575, #2031, #1310 ) ;
#1371 = DIRECTION ( 'NONE',  ( -0.000000000000000000, -0.000000000000000000, -1.000000000000000000 ) ) ;
#1372 = FACE_OUTER_BOUND ( 'NONE', #2688, .T. ) ;
#1373 = EDGE_CURVE ( 'NONE', #558, #2934, #2686, .T. ) ;
#1374 = VERTEX_POINT ( 'NONE', #1357 ) ;
#1375 =( GEOMETRIC_REPRESENTATION_CONTEXT ( 3 ) GLOBAL_UNCERTAINTY_ASSIGNED_CONTEXT ( ( #2264 ) ) GLOBAL_UNIT_ASSIGNED_CONTEXT ( ( #2853, #497, #3127 ) ) REPRESENTATION_CONTEXT ( 'NONE', 'WORKASPACE' ) );
#1376 = CARTESIAN_POINT ( 'NONE',  ( 7.871735530712825835, -4.741736504755272641, 6.349999999999999645 ) ) ;
#1377 = EDGE_LOOP ( 'NONE', ( #35, #114, #3189, #987 ) ) ;
#1378 = PRESENTATION_STYLE_ASSIGNMENT (( #1340 ) ) ;
#1379 = DIRECTION ( 'NONE',  ( 0.000000000000000000, 0.000000000000000000, 1.000000000000000000 ) ) ;
#1380 = DIRECTION ( 'NONE',  ( 0.000000000000000000, 0.000000000000000000, 1.000000000000000000 ) ) ;
#1381 = EDGE_LOOP ( 'NONE', ( #1636, #2930, #574, #1754, #1009, #1787, #2563, #2387 ) ) ;
#1382 = DIRECTION ( 'NONE',  ( 1.224646799147353207E-16, 1.000000000000000000, -0.000000000000000000 ) ) ;
#1383 = CARTESIAN_POINT ( 'NONE',  ( -16.74999999999999645, 11.65000000000000036, -3.000000000000000888 ) ) ;
#1384 =( NAMED_UNIT ( * ) SI_UNIT ( $, .STERADIAN. ) SOLID_ANGLE_UNIT ( ) );
#1385 =( LENGTH_UNIT ( ) NAMED_UNIT ( * ) SI_UNIT ( .MILLI., .METRE. ) );
#1386 = ORIENTED_EDGE ( 'NONE', *, *, #2880, .F. ) ;
#1387 = CYLINDRICAL_SURFACE ( 'NONE', #1503, 1.000000000000000000 ) ;
#1388 = CARTESIAN_POINT ( 'NONE',  ( 13.85799999999999876, -7.620000000000000107, 9.769999999999999574 ) ) ;
#1389 = CIRCLE ( 'NONE', #2078, 0.5079999999999997851 ) ;
#1390 = ORIENTED_EDGE ( 'NONE', *, *, #1224, .F. ) ;
#1391 = SURFACE_STYLE_FILL_AREA ( #2424 ) ;
#1392 = EDGE_CURVE ( 'NONE', #939, #1945, #2041, .T. ) ;
#1393 =( GEOMETRIC_REPRESENTATION_CONTEXT ( 3 ) GLOBAL_UNCERTAINTY_ASSIGNED_CONTEXT ( ( #2437 ) ) GLOBAL_UNIT_ASSIGNED_CONTEXT ( ( #918, #442, #1785 ) ) REPRESENTATION_CONTEXT ( 'NONE', 'WORKASPACE' ) );
#1394 = VECTOR ( 'NONE', #19, 1000.000000000000000 ) ;
#1395 = ORIENTED_EDGE ( 'NONE', *, *, #1183, .F. ) ;
#1396 = LINE ( 'NONE', #2660, #1401 ) ;
#1397 = FACE_OUTER_BOUND ( 'NONE', #1881, .T. ) ;
#1398 = COLOUR_RGB ( '',0.6470588235294117974, 0.5176470588235293491, 0.000000000000000000 ) ;
#1399 = AXIS2_PLACEMENT_3D ( 'NONE', #2663, #570, #1621 ) ;
#1400 = SURFACE_STYLE_USAGE ( .BOTH. , #616 ) ;
#1401 = VECTOR ( 'NONE', #865, 1000.000000000000000 ) ;
#1402 = MECHANICAL_DESIGN_GEOMETRIC_PRESENTATION_REPRESENTATION (  '', ( #1508 ), #796 ) ;
#1403 = CARTESIAN_POINT ( 'NONE',  ( 13.97000000000000064, -3.810000000000000053, 5.969999999999999751 ) ) ;
#1404 = VERTEX_POINT ( 'NONE', #2390 ) ;
#1405 = CARTESIAN_POINT ( 'NONE',  ( -13.97000000000147324, 7.620000000000000107, 9.769999999999999574 ) ) ;
#1406 = PRESENTATION_LAYER_ASSIGNMENT (  '', '', ( #1188 ) ) ;
#1407 = LINE ( 'NONE', #949, #2212 ) ;
#1408 = VERTEX_POINT ( 'NONE', #1098 ) ;
#1409 = VERTEX_POINT ( 'NONE', #527 ) ;
#1410 = EDGE_CURVE ( 'NONE', #3278, #1900, #44, .T. ) ;
#1411 = FACE_OUTER_BOUND ( 'NONE', #2058, .T. ) ;
#1412 = CARTESIAN_POINT ( 'NONE',  ( -13.86200000000000010, -7.620000000000000107, 9.769999999999999574 ) ) ;
#1413 = ADVANCED_FACE ( 'NONE', ( #16 ), #2125, .F. ) ;
#1414 = MECHANICAL_DESIGN_GEOMETRIC_PRESENTATION_REPRESENTATION (  '', ( #2276 ), #2945 ) ;
#1415 = CARTESIAN_POINT ( 'NONE',  ( 13.97000000000000064, 3.810000000000000053, 9.769999999999999574 ) ) ;
#1416 = FILL_AREA_STYLE_COLOUR ( '', #2267 ) ;
#1417 = AXIS2_PLACEMENT_3D ( 'NONE', #573, #838, #1060 ) ;
#1418 = DIRECTION ( 'NONE',  ( 0.000000000000000000, 0.000000000000000000, 1.000000000000000000 ) ) ;
#1419 = SURFACE_SIDE_STYLE ('',( #368 ) ) ;
#1420 =( NAMED_UNIT ( * ) SI_UNIT ( $, .STERADIAN. ) SOLID_ANGLE_UNIT ( ) );
#1421 = AXIS2_PLACEMENT_3D ( 'NONE', #1415, #2414, #87 ) ;
#1422 =( NAMED_UNIT ( * ) PLANE_ANGLE_UNIT ( ) SI_UNIT ( $, .RADIAN. ) );
#1423 = AXIS2_PLACEMENT_3D ( 'NONE', #2307, #2117, #866 ) ;
#1424 = ORIENTED_EDGE ( 'NONE', *, *, #3147, .T. ) ;
#1425 =( NAMED_UNIT ( * ) SI_UNIT ( $, .STERADIAN. ) SOLID_ANGLE_UNIT ( ) );
#1426 = CARTESIAN_POINT ( 'NONE',  ( 13.97000000000000064, 7.620000000000000107, 9.769999999999999574 ) ) ;
#1427 = ORIENTED_EDGE ( 'NONE', *, *, #1806, .T. ) ;
#1428 = DIRECTION ( 'NONE',  ( -0.000000000000000000, -0.000000000000000000, -1.000000000000000000 ) ) ;
#1429 = LINE ( 'NONE', #2764, #2586 ) ;
#1430 = EDGE_CURVE ( 'NONE', #1865, #2096, #2158, .T. ) ;
#1431 = DIRECTION ( 'NONE',  ( -0.000000000000000000, -0.000000000000000000, -1.000000000000000000 ) ) ;
#1432 = EDGE_CURVE ( 'NONE', #2593, #201, #2602, .T. ) ;
#1433 = PRESENTATION_STYLE_ASSIGNMENT (( #945 ) ) ;
#1434 = CARTESIAN_POINT ( 'NONE',  ( 13.97000000000000064, 0.000000000000000000, 9.769999999999999574 ) ) ;
#1435 = CYLINDRICAL_SURFACE ( 'NONE', #692, 1.000000000000000000 ) ;
#1436 = VERTEX_POINT ( 'NONE', #1388 ) ;
#1437 = EDGE_LOOP ( 'NONE', ( #1861, #2458, #2335, #51 ) ) ;
#1438 = FILL_AREA_STYLE_COLOUR ( '', #708 ) ;
#1439 =( LENGTH_UNIT ( ) NAMED_UNIT ( * ) SI_UNIT ( .MILLI., .METRE. ) );
#1440 = STYLED_ITEM ( 'NONE', ( #2009 ), #401 ) ;
#1441 =( NAMED_UNIT ( * ) PLANE_ANGLE_UNIT ( ) SI_UNIT ( $, .RADIAN. ) );
#1442 = MECHANICAL_DESIGN_GEOMETRIC_PRESENTATION_REPRESENTATION (  '', ( #2822 ), #38 ) ;
#1443 = LINE ( 'NONE', #2992, #2051 ) ;
#1444 = DIRECTION ( 'NONE',  ( 0.000000000000000000, 1.000000000000000000, -0.000000000000000000 ) ) ;
#1445 = AXIS2_PLACEMENT_3D ( 'NONE', #1405, #400, #2685 ) ;
#1446 = UNCERTAINTY_MEASURE_WITH_UNIT (LENGTH_MEASURE( 1.000000000000000082E-05 ), #1162, 'distance_accuracy_value', 'NONE');
#1447 = ORIENTED_EDGE ( 'NONE', *, *, #2463, .T. ) ;
#1448 = ADVANCED_FACE ( 'NONE', ( #1695 ), #2742, .T. ) ;
#1449 = SURFACE_STYLE_USAGE ( .BOTH. , #369 ) ;
#1450 = PRESENTATION_STYLE_ASSIGNMENT (( #2755 ) ) ;
#1451 = FILL_AREA_STYLE ('',( #2756 ) ) ;
#1452 = EDGE_LOOP ( 'NONE', ( #1101, #2374, #3149, #2127 ) ) ;
#1453 =( GEOMETRIC_REPRESENTATION_CONTEXT ( 3 ) GLOBAL_UNCERTAINTY_ASSIGNED_CONTEXT ( ( #1561 ) ) GLOBAL_UNIT_ASSIGNED_CONTEXT ( ( #966, #2040, #231 ) ) REPRESENTATION_CONTEXT ( 'NONE', 'WORKASPACE' ) );
#1454 =( NAMED_UNIT ( * ) SI_UNIT ( $, .STERADIAN. ) SOLID_ANGLE_UNIT ( ) );
#1455 =( NAMED_UNIT ( * ) PLANE_ANGLE_UNIT ( ) SI_UNIT ( $, .RADIAN. ) );
#1456 = ORIENTED_EDGE ( 'NONE', *, *, #3113, .F. ) ;
#1457 = VECTOR ( 'NONE', #1371, 1000.000000000000000 ) ;
#1458 = CARTESIAN_POINT ( 'NONE',  ( -14.47800000000147236, 7.620000000000000107, 9.369999999999999218 ) ) ;
#1459 = FILL_AREA_STYLE_COLOUR ( '', #636 ) ;
#1460 = ORIENTED_EDGE ( 'NONE', *, *, #2234, .T. ) ;
#1461 = DIRECTION ( 'NONE',  ( 0.000000000000000000, 0.000000000000000000, 1.000000000000000000 ) ) ;
#1462 = VECTOR ( 'NONE', #2170, 1000.000000000000000 ) ;
#1463 = LINE ( 'NONE', #2569, #2719 ) ;
#1464 = COLOUR_RGB ( '',0.6470588235294117974, 0.5176470588235293491, 0.000000000000000000 ) ;
#1465 = CARTESIAN_POINT ( 'NONE',  ( 13.97000000000000064, -7.620000000000000107, 5.969999999999999751 ) ) ;
#1466 = STYLED_ITEM ( 'NONE', ( #856 ), #2643 ) ;
#1467 = DIRECTION ( 'NONE',  ( 1.224646799147353207E-16, 1.000000000000000000, -0.000000000000000000 ) ) ;
#1468 = EDGE_CURVE ( 'NONE', #1114, #828, #2151, .T. ) ;
#1469 = EDGE_LOOP ( 'NONE', ( #453, #3082, #1307, #2943 ) ) ;
#1470 = VECTOR ( 'NONE', #882, 1000.000000000000000 ) ;
#1471 = DIRECTION ( 'NONE',  ( -0.000000000000000000, -0.000000000000000000, -1.000000000000000000 ) ) ;
#1472 = PRESENTATION_STYLE_ASSIGNMENT (( #2232 ) ) ;
#1473 = ADVANCED_FACE ( 'NONE', ( #1657, #1676, #383, #2470, #2455, #1199 ), #145, .T. ) ;
#1474 = ORIENTED_EDGE ( 'NONE', *, *, #106, .F. ) ;
#1475 = CARTESIAN_POINT ( 'NONE',  ( -14.07799999999999940, -7.620000000000000107, 9.769999999999999574 ) ) ;
#1476 = COLOUR_RGB ( '',0.6666666666666666297, 0.6980392156862744724, 0.7686274509803920907 ) ;
#1477 = DIRECTION ( 'NONE',  ( -1.000000000000000000, 0.000000000000000000, 0.000000000000000000 ) ) ;
#1478 = DIRECTION ( 'NONE',  ( 1.000000000000000000, 0.000000000000000000, -0.000000000000000000 ) ) ;
#1479 = FACE_OUTER_BOUND ( 'NONE', #1800, .T. ) ;
#1480 = UNCERTAINTY_MEASURE_WITH_UNIT (LENGTH_MEASURE( 1.000000000000000082E-05 ), #1385, 'distance_accuracy_value', 'NONE');
#1481 = DIRECTION ( 'NONE',  ( 0.000000000000000000, 0.000000000000000000, 1.000000000000000000 ) ) ;
#1482 = FILL_AREA_STYLE_COLOUR ( '', #629 ) ;
#1483 =( NAMED_UNIT ( * ) SI_UNIT ( $, .STERADIAN. ) SOLID_ANGLE_UNIT ( ) );
#1484 = CARTESIAN_POINT ( 'NONE',  ( 13.97000000000000064, 7.620000000000000107, 9.769999999999999574 ) ) ;
#1485 = VERTEX_POINT ( 'NONE', #1234 ) ;
#1486 = SURFACE_SIDE_STYLE ('',( #2849 ) ) ;
#1487 = ORIENTED_EDGE ( 'NONE', *, *, #2801, .F. ) ;
#1488 = ADVANCED_FACE ( 'NONE', ( #1027 ), #1577, .T. ) ;
#1489 = CARTESIAN_POINT ( 'NONE',  ( -7.871735530712825835, 4.741736504755272641, 6.339999999999999858 ) ) ;
#1490 = DIRECTION ( 'NONE',  ( -0.000000000000000000, -0.000000000000000000, -1.000000000000000000 ) ) ;
#1491 = CYLINDRICAL_SURFACE ( 'NONE', #159, 0.5079999999999997851 ) ;
#1492 = VECTOR ( 'NONE', #501, 1000.000000000000000 ) ;
#1493 = SURFACE_SIDE_STYLE ('',( #500 ) ) ;
#1494 = AXIS2_PLACEMENT_3D ( 'NONE', #97, #2744, #627 ) ;
#1495 = CIRCLE ( 'NONE', #1010, 0.1080000000000004567 ) ;
#1496 = CARTESIAN_POINT ( 'NONE',  ( -16.74999999999999645, 11.65000000000000036, 6.349999999999999645 ) ) ;
#1497 = FILL_AREA_STYLE_COLOUR ( '', #3085 ) ;
#1498 = VECTOR ( 'NONE', #1813, 1000.000000000000000 ) ;
#1499 = CLOSED_SHELL ( 'NONE', ( #1271, #1488, #826, #760, #2837, #2983, #1542, #379, #2683, #2024, #741, #2169, #1100, #2961, #1729, #653, #3223, #1929, #2904, #141, #1965, #3047, #1828, #3133, #2274, #1949, #1473, #462, #1679, #483, #830, #2080, #3328, #324, #2937, #2365, #393, #1659, #2941, #1303, #2068, #2256, #2021, #1448, #3068, #401, #3350, #2044, #704, #3045, #978, #3007, #1413, #994, #345, #1968, #101, #956, #20, #1140, #1586, #1081, #2423, #1767, #2173, #872, #699, #2491, #270, #2325, #2643, #39, #781, #1165, #3245, #304, #264 ) ) ;
#1500 =( NAMED_UNIT ( * ) PLANE_ANGLE_UNIT ( ) SI_UNIT ( $, .RADIAN. ) );
#1501 =( NAMED_UNIT ( * ) PLANE_ANGLE_UNIT ( ) SI_UNIT ( $, .RADIAN. ) );
#1502 = SURFACE_SIDE_STYLE ('',( #258 ) ) ;
#1503 = AXIS2_PLACEMENT_3D ( 'NONE', #1941, #2997, #2741 ) ;
#1504 = DIRECTION ( 'NONE',  ( 1.000000000000000000, 0.000000000000000000, 0.000000000000000000 ) ) ;
#1505 = ORIENTED_EDGE ( 'NONE', *, *, #1115, .T. ) ;
#1506 = FILL_AREA_STYLE_COLOUR ( '', #3145 ) ;
#1507 = DIRECTION ( 'NONE',  ( -1.000000000000000000, 0.000000000000000000, 0.000000000000000000 ) ) ;
#1508 = STYLED_ITEM ( 'NONE', ( #1831 ), #1303 ) ;
#1509 = ORIENTED_EDGE ( 'NONE', *, *, #2597, .T. ) ;
#1510 = PLANE ( 'NONE',  #2975 ) ;
#1511 = FACE_OUTER_BOUND ( 'NONE', #3233, .T. ) ;
#1512 = PRESENTATION_LAYER_ASSIGNMENT (  '', '', ( #3369 ) ) ;
#1513 =( NAMED_UNIT ( * ) SI_UNIT ( $, .STERADIAN. ) SOLID_ANGLE_UNIT ( ) );
#1514 = EDGE_CURVE ( 'NONE', #2358, #220, #152, .T. ) ;
#1515 = CIRCLE ( 'NONE', #750, 0.5079999999999997851 ) ;
#1516 = CARTESIAN_POINT ( 'NONE',  ( 18.25000000000000000, -11.65000000000000036, -6.349999999999999645 ) ) ;
#1517 = AXIS2_PLACEMENT_3D ( 'NONE', #1059, #2083, #125 ) ;
#1518 = EDGE_CURVE ( 'NONE', #2964, #1289, #102, .T. ) ;
#1519 = UNCERTAINTY_MEASURE_WITH_UNIT (LENGTH_MEASURE( 1.000000000000000082E-05 ), #3344, 'distance_accuracy_value', 'NONE');
#1520 = SURFACE_STYLE_USAGE ( .BOTH. , #2277 ) ;
#1521 = STYLED_ITEM ( 'NONE', ( #1242 ), #2173 ) ;
#1522 = FACE_OUTER_BOUND ( 'NONE', #1104, .T. ) ;
#1523 =( LENGTH_UNIT ( ) NAMED_UNIT ( * ) SI_UNIT ( .MILLI., .METRE. ) );
#1524 = DIRECTION ( 'NONE',  ( 0.000000000000000000, 0.000000000000000000, 1.000000000000000000 ) ) ;
#1525 = AXIS2_PLACEMENT_3D ( 'NONE', #313, #1604, #2637 ) ;
#1526 = DIRECTION ( 'NONE',  ( -0.000000000000000000, -0.000000000000000000, -1.000000000000000000 ) ) ;
#1527 = VERTEX_POINT ( 'NONE', #2239 ) ;
#1528 = DIRECTION ( 'NONE',  ( 1.000000000000000000, 0.000000000000000000, 0.000000000000000000 ) ) ;
#1529 = COLOUR_RGB ( '',0.6470588235294117974, 0.5176470588235293491, 0.000000000000000000 ) ;
#1530 = SURFACE_STYLE_FILL_AREA ( #2298 ) ;
#1531 =( GEOMETRIC_REPRESENTATION_CONTEXT ( 3 ) GLOBAL_UNCERTAINTY_ASSIGNED_CONTEXT ( ( #3327 ) ) GLOBAL_UNIT_ASSIGNED_CONTEXT ( ( #279, #2159, #1319 ) ) REPRESENTATION_CONTEXT ( 'NONE', 'WORKASPACE' ) );
#1532 = VERTEX_POINT ( 'NONE', #3079 ) ;
#1533 = DIRECTION ( 'NONE',  ( 1.000000000000000000, 0.000000000000000000, 0.000000000000000000 ) ) ;
#1534 = CIRCLE ( 'NONE', #2848, 0.3999999999999993006 ) ;
#1535 = CARTESIAN_POINT ( 'NONE',  ( 13.97000000000000064, 3.810000000000000053, 9.769999999999999574 ) ) ;
#1536 = ORIENTED_EDGE ( 'NONE', *, *, #1178, .F. ) ;
#1537 = CIRCLE ( 'NONE', #2785, 0.1080000000000004567 ) ;
#1538 = DIRECTION ( 'NONE',  ( 1.224646799147353207E-16, 1.000000000000000000, -0.000000000000000000 ) ) ;
#1539 = CARTESIAN_POINT ( 'NONE',  ( -16.74999999999999645, -11.65000000000000036, 5.969999999999999751 ) ) ;
#1540 =( LENGTH_UNIT ( ) NAMED_UNIT ( * ) SI_UNIT ( .MILLI., .METRE. ) );
#1541 = SURFACE_STYLE_USAGE ( .BOTH. , #467 ) ;
#1542 = ADVANCED_FACE ( 'NONE', ( #1213 ), #3255, .T. ) ;
#1543 = PRESENTATION_STYLE_ASSIGNMENT (( #961 ) ) ;
#1544 = DIRECTION ( 'NONE',  ( 1.000000000000000000, 0.000000000000000000, 0.000000000000000000 ) ) ;
#1545 = SURFACE_STYLE_FILL_AREA ( #2861 ) ;
#1546 = ORIENTED_EDGE ( 'NONE', *, *, #3147, .F. ) ;
#1547 = DIRECTION ( 'NONE',  ( -1.000000000000000000, 0.000000000000000000, 0.000000000000000000 ) ) ;
#1548 = ORIENTED_EDGE ( 'NONE', *, *, #1606, .F. ) ;
#1549 = LINE ( 'NONE', #2580, #1664 ) ;
#1550 = SURFACE_STYLE_FILL_AREA ( #759 ) ;
#1551 = CARTESIAN_POINT ( 'NONE',  ( 13.97000000000000064, 7.620000000000000107, 9.769999999999999574 ) ) ;
#1552 = VERTEX_POINT ( 'NONE', #3099 ) ;
#1553 = SURFACE_STYLE_FILL_AREA ( #1805 ) ;
#1554 = PLANE ( 'NONE',  #210 ) ;
#1555 = CARTESIAN_POINT ( 'NONE',  ( -16.74999999999999645, -13.15000000000000213, 6.349999999999999645 ) ) ;
#1556 = LINE ( 'NONE', #2069, #465 ) ;
#1557 = CIRCLE ( 'NONE', #2032, 0.5079999999999997851 ) ;
#1558 = CARTESIAN_POINT ( 'NONE',  ( -17.11785043614063540, -12.12173155784414824, -3.010000000000000231 ) ) ;
#1559 = EDGE_CURVE ( 'NONE', #2915, #1573, #503, .T. ) ;
#1560 = CIRCLE ( 'NONE', #3244, 0.5079999999999997851 ) ;
#1561 = UNCERTAINTY_MEASURE_WITH_UNIT (LENGTH_MEASURE( 1.000000000000000082E-05 ), #966, 'distance_accuracy_value', 'NONE');
#1562 = ORIENTED_EDGE ( 'NONE', *, *, #1849, .T. ) ;
#1563 = DIRECTION ( 'NONE',  ( 0.000000000000000000, 0.000000000000000000, 1.000000000000000000 ) ) ;
#1564 = SURFACE_STYLE_USAGE ( .BOTH. , #2957 ) ;
#1565 = DIRECTION ( 'NONE',  ( -0.000000000000000000, -0.000000000000000000, 1.000000000000000000 ) ) ;
#1566 = PRESENTATION_LAYER_ASSIGNMENT (  '', '', ( #1287 ) ) ;
#1567 = EDGE_CURVE ( 'NONE', #1768, #3337, #1556, .T. ) ;
#1568 = EDGE_LOOP ( 'NONE', ( #934, #1962 ) ) ;
#1569 = CARTESIAN_POINT ( 'NONE',  ( -18.25000000000000000, 11.65000000000000036, 5.969999999999999751 ) ) ;
#1570 = DIRECTION ( 'NONE',  ( -0.000000000000000000, -0.000000000000000000, -1.000000000000000000 ) ) ;
#1571 = STYLED_ITEM ( 'NONE', ( #2578 ), #1271 ) ;
#1572 = PRESENTATION_STYLE_ASSIGNMENT (( #282 ) ) ;
#1573 = VERTEX_POINT ( 'NONE', #2860 ) ;
#1574 = AXIS2_PLACEMENT_3D ( 'NONE', #1645, #2877, #560 ) ;
#1575 = CARTESIAN_POINT ( 'NONE',  ( 13.97000000000000064, 0.000000000000000000, 9.769999999999999574 ) ) ;
#1576 = FILL_AREA_STYLE ('',( #1346 ) ) ;
#1577 = TOROIDAL_SURFACE ( 'NONE', #1622, 0.1080000000000000820, 0.4000000000000000222 ) ;
#1578 = CARTESIAN_POINT ( 'NONE',  ( -16.74999999999999645, 13.15000000000000213, 6.349999999999999645 ) ) ;
#1579 = COLOUR_RGB ( '',0.5019607843137254832, 0.5019607843137254832, 0.5019607843137254832 ) ;
#1580 = LINE ( 'NONE', #57, #1244 ) ;
#1581 = LINE ( 'NONE', #2385, #1090 ) ;
#1582 = COLOUR_RGB ( '',0.6470588235294117974, 0.5176470588235293491, 0.000000000000000000 ) ;
#1583 = ORIENTED_EDGE ( 'NONE', *, *, #2388, .T. ) ;
#1584 = SURFACE_STYLE_USAGE ( .BOTH. , #28 ) ;
#1585 = DIRECTION ( 'NONE',  ( 1.000000000000000000, 0.000000000000000000, 0.000000000000000000 ) ) ;
#1586 = ADVANCED_FACE ( 'NONE', ( #3108 ), #1435, .F. ) ;
#1587 = DIRECTION ( 'NONE',  ( -0.000000000000000000, -0.000000000000000000, 1.000000000000000000 ) ) ;
#1588 = ORIENTED_EDGE ( 'NONE', *, *, #1430, .F. ) ;
#1589 =( LENGTH_UNIT ( ) NAMED_UNIT ( * ) SI_UNIT ( .MILLI., .METRE. ) );
#1590 = EDGE_CURVE ( 'NONE', #169, #295, #747, .T. ) ;
#1591 = VECTOR ( 'NONE', #1444, 1000.000000000000000 ) ;
#1592 = CYLINDRICAL_SURFACE ( 'NONE', #1033, 0.7620000000000005658 ) ;
#1593 = ORIENTED_EDGE ( 'NONE', *, *, #65, .T. ) ;
#1594 = VECTOR ( 'NONE', #1726, 1000.000000000000000 ) ;
#1595 = FILL_AREA_STYLE_COLOUR ( '', #1803 ) ;
#1596 = SURFACE_STYLE_FILL_AREA ( #1889 ) ;
#1597 = TOROIDAL_SURFACE ( 'NONE', #1206, 0.1080000000000001792, 0.4000000000000000222 ) ;
#1598 = SURFACE_SIDE_STYLE ('',( #1156 ) ) ;
#1599 = CARTESIAN_POINT ( 'NONE',  ( -13.97000000000000064, -7.620000000000000107, 9.369999999999999218 ) ) ;
#1600 = UNCERTAINTY_MEASURE_WITH_UNIT (LENGTH_MEASURE( 1.000000000000000082E-05 ), #1180, 'distance_accuracy_value', 'NONE');
#1601 = ORIENTED_EDGE ( 'NONE', *, *, #1518, .F. ) ;
#1602 = LINE ( 'NONE', #2126, #1092 ) ;
#1603 = VERTEX_POINT ( 'NONE', #1658 ) ;
#1604 = DIRECTION ( 'NONE',  ( 0.000000000000000000, 0.000000000000000000, 1.000000000000000000 ) ) ;
#1605 = ORIENTED_EDGE ( 'NONE', *, *, #848, .T. ) ;
#1606 = EDGE_CURVE ( 'NONE', #1819, #411, #1696, .T. ) ;
#1607 = DIRECTION ( 'NONE',  ( -1.000000000000000000, 0.000000000000000000, 0.000000000000000000 ) ) ;
#1608 = CARTESIAN_POINT ( 'NONE',  ( 7.871735530712825835, 4.741736504755272641, 6.339999999999999858 ) ) ;
#1609 = DIRECTION ( 'NONE',  ( 0.000000000000000000, 0.000000000000000000, 1.000000000000000000 ) ) ;
#1610 = AXIS2_PLACEMENT_3D ( 'NONE', #358, #613, #937 ) ;
#1611 = ORIENTED_EDGE ( 'NONE', *, *, #340, .T. ) ;
#1612 = DIRECTION ( 'NONE',  ( 1.000000000000000000, 0.000000000000000000, 0.000000000000000000 ) ) ;
#1613 = DIRECTION ( 'NONE',  ( 0.000000000000000000, 1.000000000000000000, 0.000000000000000000 ) ) ;
#1614 = AXIS2_PLACEMENT_3D ( 'NONE', #3231, #3262, #3001 ) ;
#1615 = ORIENTED_EDGE ( 'NONE', *, *, #444, .F. ) ;
#1616 = CARTESIAN_POINT ( 'NONE',  ( -13.97000000000147324, 7.620000000000000107, 5.969999999999999751 ) ) ;
#1617 = FACE_OUTER_BOUND ( 'NONE', #1261, .T. ) ;
#1618 = ORIENTED_EDGE ( 'NONE', *, *, #122, .T. ) ;
#1619 = DIRECTION ( 'NONE',  ( 0.000000000000000000, 1.000000000000000000, 0.000000000000000000 ) ) ;
#1620 = EDGE_CURVE ( 'NONE', #201, #2593, #520, .T. ) ;
#1621 = DIRECTION ( 'NONE',  ( -1.000000000000000000, 0.000000000000000000, 0.000000000000000000 ) ) ;
#1622 = AXIS2_PLACEMENT_3D ( 'NONE', #2020, #1006, #1280 ) ;
#1623 = EDGE_CURVE ( 'NONE', #971, #491, #1407, .T. ) ;
#1624 = CARTESIAN_POINT ( 'NONE',  ( 14.73200000000000109, -7.620000000000000107, 9.769999999999999574 ) ) ;
#1625 = UNCERTAINTY_MEASURE_WITH_UNIT (LENGTH_MEASURE( 1.000000000000000082E-05 ), #2507, 'distance_accuracy_value', 'NONE');
#1626 = ORIENTED_EDGE ( 'NONE', *, *, #3130, .T. ) ;
#1627 = CARTESIAN_POINT ( 'NONE',  ( 13.97000000000000064, 0.000000000000000000, 5.969999999999999751 ) ) ;
#1628 = CARTESIAN_POINT ( 'NONE',  ( 13.97000000000000064, -7.620000000000000107, 5.969999999999999751 ) ) ;
#1629 = AXIS2_PLACEMENT_3D ( 'NONE', #3326, #2535, #3115 ) ;
#1630 = UNCERTAINTY_MEASURE_WITH_UNIT (LENGTH_MEASURE( 1.000000000000000082E-05 ), #921, 'distance_accuracy_value', 'NONE');
#1631 = ORIENTED_EDGE ( 'NONE', *, *, #2710, .F. ) ;
#1632 = CIRCLE ( 'NONE', #1792, 0.5079999999999997851 ) ;
#1633 = DIRECTION ( 'NONE',  ( 1.000000000000000000, 0.000000000000000000, 0.000000000000000000 ) ) ;
#1634 =( LENGTH_UNIT ( ) NAMED_UNIT ( * ) SI_UNIT ( .MILLI., .METRE. ) );
#1635 = AXIS2_PLACEMENT_3D ( 'NONE', #1535, #3025, #1867 ) ;
#1636 = ORIENTED_EDGE ( 'NONE', *, *, #530, .F. ) ;
#1637 = CARTESIAN_POINT ( 'NONE',  ( 13.85799999999999876, 7.620000000000000107, 9.119999999999999218 ) ) ;
#1638 = FILL_AREA_STYLE_COLOUR ( '', #717 ) ;
#1639 =( GEOMETRIC_REPRESENTATION_CONTEXT ( 3 ) GLOBAL_UNCERTAINTY_ASSIGNED_CONTEXT ( ( #947 ) ) GLOBAL_UNIT_ASSIGNED_CONTEXT ( ( #3134, #3081, #2827 ) ) REPRESENTATION_CONTEXT ( 'NONE', 'WORKASPACE' ) );
#1640 = FILL_AREA_STYLE_COLOUR ( '', #3157 ) ;
#1641 = ORIENTED_EDGE ( 'NONE', *, *, #3186, .F. ) ;
#1642 = VECTOR ( 'NONE', #3193, 1000.000000000000000 ) ;
#1643 = EDGE_CURVE ( 'NONE', #611, #2867, #2490, .T. ) ;
#1644 = FILL_AREA_STYLE_COLOUR ( '', #513 ) ;
#1645 = CARTESIAN_POINT ( 'NONE',  ( -13.97000000000000064, -7.620000000000000107, 5.969999999999999751 ) ) ;
#1646 = CARTESIAN_POINT ( 'NONE',  ( -6.871735530712818729, -5.741736504755279746, 6.349999999999999645 ) ) ;
#1647 = ORIENTED_EDGE ( 'NONE', *, *, #2382, .F. ) ;
#1648 = CARTESIAN_POINT ( 'NONE',  ( -13.97000000000000064, -7.620000000000000107, 9.769999999999999574 ) ) ;
#1649 = VERTEX_POINT ( 'NONE', #1214 ) ;
#1650 =( LENGTH_UNIT ( ) NAMED_UNIT ( * ) SI_UNIT ( .MILLI., .METRE. ) );
#1651 = PRESENTATION_STYLE_ASSIGNMENT (( #2714 ) ) ;
#1652 =( NAMED_UNIT ( * ) PLANE_ANGLE_UNIT ( ) SI_UNIT ( $, .RADIAN. ) );
#1653 = PLANE ( 'NONE',  #1629 ) ;
#1654 = SURFACE_STYLE_USAGE ( .BOTH. , #2224 ) ;
#1655 = EDGE_LOOP ( 'NONE', ( #2077, #1061 ) ) ;
#1656 = SURFACE_STYLE_FILL_AREA ( #129 ) ;
#1657 = FACE_BOUND ( 'NONE', #1087, .T. ) ;
#1658 = CARTESIAN_POINT ( 'NONE',  ( -18.25000000000000000, -11.65000000000000036, -6.349999999999999645 ) ) ;
#1659 = ADVANCED_FACE ( 'NONE', ( #354 ), #1167, .T. ) ;
#1660 = EDGE_LOOP ( 'NONE', ( #1699, #427, #1395, #1583 ) ) ;
#1661 =( GEOMETRIC_REPRESENTATION_CONTEXT ( 3 ) GLOBAL_UNCERTAINTY_ASSIGNED_CONTEXT ( ( #1145 ) ) GLOBAL_UNIT_ASSIGNED_CONTEXT ( ( #2145, #2689, #372 ) ) REPRESENTATION_CONTEXT ( 'NONE', 'WORKASPACE' ) );
#1662 = SURFACE_STYLE_FILL_AREA ( #885 ) ;
#1663 = CARTESIAN_POINT ( 'NONE',  ( 13.86200000000000010, -3.810000000000000053, 9.769999999999999574 ) ) ;
#1664 = VECTOR ( 'NONE', #1000, 1000.000000000000000 ) ;
#1665 = EDGE_CURVE ( 'NONE', #1552, #1198, #1515, .T. ) ;
#1666 = ORIENTED_EDGE ( 'NONE', *, *, #868, .F. ) ;
#1667 =( GEOMETRIC_REPRESENTATION_CONTEXT ( 3 ) GLOBAL_UNCERTAINTY_ASSIGNED_CONTEXT ( ( #1079 ) ) GLOBAL_UNIT_ASSIGNED_CONTEXT ( ( #2544, #2524, #472 ) ) REPRESENTATION_CONTEXT ( 'NONE', 'WORKASPACE' ) );
#1668 = AXIS2_PLACEMENT_3D ( 'NONE', #174, #677, #1728 ) ;
#1669 = SURFACE_STYLE_USAGE ( .BOTH. , #2967 ) ;
#1670 = AXIS2_PLACEMENT_3D ( 'NONE', #3031, #718, #3313 ) ;
#1671 = DIRECTION ( 'NONE',  ( 0.000000000000000000, 0.000000000000000000, 1.000000000000000000 ) ) ;
#1672 =( LENGTH_UNIT ( ) NAMED_UNIT ( * ) SI_UNIT ( .MILLI., .METRE. ) );
#1673 = MECHANICAL_DESIGN_GEOMETRIC_PRESENTATION_REPRESENTATION (  '', ( #859 ), #1453 ) ;
#1674 = FILL_AREA_STYLE_COLOUR ( '', #1981 ) ;
#1675 =( GEOMETRIC_REPRESENTATION_CONTEXT ( 3 ) GLOBAL_UNCERTAINTY_ASSIGNED_CONTEXT ( ( #1826 ) ) GLOBAL_UNIT_ASSIGNED_CONTEXT ( ( #1810, #2054, #417 ) ) REPRESENTATION_CONTEXT ( 'NONE', 'WORKASPACE' ) );
#1676 = FACE_BOUND ( 'NONE', #1301, .T. ) ;
#1677 = STYLED_ITEM ( 'NONE', ( #3179 ), #1828 ) ;
#1678 = ORIENTED_EDGE ( 'NONE', *, *, #420, .T. ) ;
#1679 = ADVANCED_FACE ( 'NONE', ( #1281, #2280, #1007, #980 ), #2794, .T. ) ;
#1680 =( NAMED_UNIT ( * ) SI_UNIT ( $, .STERADIAN. ) SOLID_ANGLE_UNIT ( ) );
#1681 = COLOUR_RGB ( '',0.5019607843137254832, 0.5019607843137254832, 0.5019607843137254832 ) ;
#1682 = ORIENTED_EDGE ( 'NONE', *, *, #3279, .T. ) ;
#1683 = EDGE_CURVE ( 'NONE', #1110, #2768, #2546, .T. ) ;
#1684 = LINE ( 'NONE', #2247, #854 ) ;
#1685 = SURFACE_SIDE_STYLE ('',( #136 ) ) ;
#1686 = STYLED_ITEM ( 'NONE', ( #1572 ), #2274 ) ;
#1687 =( NAMED_UNIT ( * ) PLANE_ANGLE_UNIT ( ) SI_UNIT ( $, .RADIAN. ) );
#1688 = VECTOR ( 'NONE', #876, 1000.000000000000000 ) ;
#1689 = SURFACE_STYLE_USAGE ( .BOTH. , #635 ) ;
#1690 = CARTESIAN_POINT ( 'NONE',  ( -18.25000000000000000, -11.65000000000000036, -3.000000000000000888 ) ) ;
#1691 = PRESENTATION_LAYER_ASSIGNMENT (  '', '', ( #3269 ) ) ;
#1692 = CARTESIAN_POINT ( 'NONE',  ( -13.97000000000000064, 0.000000000000000000, 9.369999999999999218 ) ) ;
#1693 = UNCERTAINTY_MEASURE_WITH_UNIT (LENGTH_MEASURE( 1.000000000000000082E-05 ), #952, 'distance_accuracy_value', 'NONE');
#1694 = AXIS2_PLACEMENT_3D ( 'NONE', #2551, #222, #238 ) ;
#1695 = FACE_OUTER_BOUND ( 'NONE', #2354, .T. ) ;
#1696 = LINE ( 'NONE', #3259, #1989 ) ;
#1697 = VERTEX_POINT ( 'NONE', #2005 ) ;
#1698 = CARTESIAN_POINT ( 'NONE',  ( -13.46200000000147234, 7.620000000000000107, 5.969999999999999751 ) ) ;
#1699 = ORIENTED_EDGE ( 'NONE', *, *, #227, .F. ) ;
#1700 = DIRECTION ( 'NONE',  ( 1.000000000000000000, 0.000000000000000000, 0.000000000000000000 ) ) ;
#1701 = PLANE ( 'NONE',  #109 ) ;
#1702 = EDGE_CURVE ( 'NONE', #2485, #2071, #489, .T. ) ;
#1703 = SURFACE_SIDE_STYLE ('',( #1159 ) ) ;
#1704 = PLANE ( 'NONE',  #2383 ) ;
#1705 = CARTESIAN_POINT ( 'NONE',  ( 14.73200000000000109, 7.620000000000000107, 5.969999999999999751 ) ) ;
#1706 = VERTEX_POINT ( 'NONE', #3365 ) ;
#1707 = PRESENTATION_STYLE_ASSIGNMENT (( #659 ) ) ;
#1708 = DIRECTION ( 'NONE',  ( -0.000000000000000000, -0.000000000000000000, 1.000000000000000000 ) ) ;
#1709 = FILL_AREA_STYLE_COLOUR ( '', #2662 ) ;
#1710 = DIRECTION ( 'NONE',  ( -0.000000000000000000, -0.000000000000000000, 1.000000000000000000 ) ) ;
#1711 = ORIENTED_EDGE ( 'NONE', *, *, #2841, .F. ) ;
#1712 = SURFACE_STYLE_FILL_AREA ( #3035 ) ;
#1713 = DIRECTION ( 'NONE',  ( -1.000000000000000000, 0.000000000000000000, 0.000000000000000000 ) ) ;
#1714 = VECTOR ( 'NONE', #3077, 1000.000000000000000 ) ;
#1715 = VERTEX_POINT ( 'NONE', #3120 ) ;
#1716 = COLOUR_RGB ( '',0.6470588235294117974, 0.5176470588235293491, 0.000000000000000000 ) ;
#1717 = CARTESIAN_POINT ( 'NONE',  ( -13.97000000000147324, 7.620000000000000107, 9.769999999999999574 ) ) ;
#1718 = CARTESIAN_POINT ( 'NONE',  ( -13.97000000000000064, 0.000000000000000000, 9.769999999999999574 ) ) ;
#1719 = CARTESIAN_POINT ( 'NONE',  ( 13.97000000000000064, -3.810000000000000053, 9.369999999999999218 ) ) ;
#1720 = AXIS2_PLACEMENT_3D ( 'NONE', #2242, #245, #3296 ) ;
#1721 = PRESENTATION_LAYER_ASSIGNMENT (  '', '', ( #3196 ) ) ;
#1722 = ORIENTED_EDGE ( 'NONE', *, *, #628, .F. ) ;
#1723 =( NAMED_UNIT ( * ) SI_UNIT ( $, .STERADIAN. ) SOLID_ANGLE_UNIT ( ) );
#1724 = EDGE_CURVE ( 'NONE', #2559, #2542, #2991, .T. ) ;
#1725 = CARTESIAN_POINT ( 'NONE',  ( 18.25000000000000000, -11.65000000000000036, 6.349999999999999645 ) ) ;
#1726 = DIRECTION ( 'NONE',  ( -0.000000000000000000, -0.000000000000000000, -1.000000000000000000 ) ) ;
#1727 = STYLED_ITEM ( 'NONE', ( #2712 ), #826 ) ;
#1728 = DIRECTION ( 'NONE',  ( 0.000000000000000000, 0.000000000000000000, 1.000000000000000000 ) ) ;
#1729 = ADVANCED_FACE ( 'NONE', ( #2333 ), #2520, .T. ) ;
#1730 = SURFACE_SIDE_STYLE ('',( #1970 ) ) ;
#1731 =( NAMED_UNIT ( * ) SI_UNIT ( $, .STERADIAN. ) SOLID_ANGLE_UNIT ( ) );
#1732 = LINE ( 'NONE', #1103, #1197 ) ;
#1733 = ORIENTED_EDGE ( 'NONE', *, *, #2576, .T. ) ;
#1734 =( GEOMETRIC_REPRESENTATION_CONTEXT ( 3 ) GLOBAL_UNCERTAINTY_ASSIGNED_CONTEXT ( ( #1283 ) ) GLOBAL_UNIT_ASSIGNED_CONTEXT ( ( #896, #2440, #948 ) ) REPRESENTATION_CONTEXT ( 'NONE', 'WORKASPACE' ) );
#1735 = DIRECTION ( 'NONE',  ( 0.000000000000000000, 0.000000000000000000, 1.000000000000000000 ) ) ;
#1736 = FILL_AREA_STYLE_COLOUR ( '', #680 ) ;
#1737 =( GEOMETRIC_REPRESENTATION_CONTEXT ( 3 ) GLOBAL_UNCERTAINTY_ASSIGNED_CONTEXT ( ( #1315 ) ) GLOBAL_UNIT_ASSIGNED_CONTEXT ( ( #642, #1422, #2998 ) ) REPRESENTATION_CONTEXT ( 'NONE', 'WORKASPACE' ) );
#1738 = ORIENTED_EDGE ( 'NONE', *, *, #1309, .T. ) ;
#1739 = SURFACE_STYLE_FILL_AREA ( #688 ) ;
#1740 = SURFACE_SIDE_STYLE ('',( #3041 ) ) ;
#1741 = SURFACE_SIDE_STYLE ('',( #690 ) ) ;
#1742 = DIRECTION ( 'NONE',  ( 0.000000000000000000, -1.000000000000000000, 0.000000000000000000 ) ) ;
#1743 = AXIS2_PLACEMENT_3D ( 'NONE', #1789, #746, #484 ) ;
#1744 = STYLED_ITEM ( 'NONE', ( #1651 ), #2068 ) ;
#1745 =( LENGTH_UNIT ( ) NAMED_UNIT ( * ) SI_UNIT ( .MILLI., .METRE. ) );
#1746 = COLOUR_RGB ( '',0.6470588235294117974, 0.5176470588235293491, 0.000000000000000000 ) ;
#1747 = CARTESIAN_POINT ( 'NONE',  ( -13.97000000000000064, -7.620000000000000107, 9.369999999999999218 ) ) ;
#1748 = CIRCLE ( 'NONE', #479, 0.3999999999999993006 ) ;
#1749 = DIRECTION ( 'NONE',  ( -1.000000000000000000, 0.000000000000000000, 0.000000000000000000 ) ) ;
#1750 = EDGE_CURVE ( 'NONE', #884, #1945, #188, .T. ) ;
#1751 = ORIENTED_EDGE ( 'NONE', *, *, #60, .F. ) ;
#1752 = COLOUR_RGB ( '',0.5019607843137254832, 0.5019607843137254832, 0.5019607843137254832 ) ;
#1753 = MECHANICAL_DESIGN_GEOMETRIC_PRESENTATION_REPRESENTATION (  '', ( #543 ), #2064 ) ;
#1754 = ORIENTED_EDGE ( 'NONE', *, *, #569, .F. ) ;
#1755 = CARTESIAN_POINT ( 'NONE',  ( -17.11785043614063540, -12.12173155784414824, -3.010000000000000231 ) ) ;
#1756 = CIRCLE ( 'NONE', #280, 0.1080000000000004567 ) ;
#1757 =( NAMED_UNIT ( * ) SI_UNIT ( $, .STERADIAN. ) SOLID_ANGLE_UNIT ( ) );
#1758 = DIRECTION ( 'NONE',  ( 1.000000000000000000, 0.000000000000000000, 0.000000000000000000 ) ) ;
#1759 = LINE ( 'NONE', #3271, #2342 ) ;
#1760 = SURFACE_STYLE_USAGE ( .BOTH. , #3342 ) ;
#1761 = UNCERTAINTY_MEASURE_WITH_UNIT (LENGTH_MEASURE( 1.000000000000000082E-05 ), #1634, 'distance_accuracy_value', 'NONE');
#1762 = SURFACE_STYLE_FILL_AREA ( #1776 ) ;
#1763 = FILL_AREA_STYLE_COLOUR ( '', #196 ) ;
#1764 = DIRECTION ( 'NONE',  ( -0.000000000000000000, 0.000000000000000000, 1.000000000000000000 ) ) ;
#1765 = FILL_AREA_STYLE ('',( #451 ) ) ;
#1766 = EDGE_LOOP ( 'NONE', ( #2727, #1895, #2252, #3172 ) ) ;
#1767 = ADVANCED_FACE ( 'NONE', ( #2366 ), #11, .F. ) ;
#1768 = VERTEX_POINT ( 'NONE', #2070 ) ;
#1769 =( NAMED_UNIT ( * ) SI_UNIT ( $, .STERADIAN. ) SOLID_ANGLE_UNIT ( ) );
#1770 = FILL_AREA_STYLE_COLOUR ( '', #349 ) ;
#1771 = EDGE_CURVE ( 'NONE', #1945, #341, #1047, .T. ) ;
#1772 = CARTESIAN_POINT ( 'NONE',  ( 13.46199999999999974, -3.810000000000000053, 5.969999999999999751 ) ) ;
#1773 = ORIENTED_EDGE ( 'NONE', *, *, #1982, .F. ) ;
#1774 = PRESENTATION_LAYER_ASSIGNMENT (  '', '', ( #142 ) ) ;
#1775 = FILL_AREA_STYLE_COLOUR ( '', #2940 ) ;
#1776 = FILL_AREA_STYLE ('',( #2858 ) ) ;
#1777 = CIRCLE ( 'NONE', #1720, 0.3999999999999993006 ) ;
#1778 = CARTESIAN_POINT ( 'NONE',  ( 16.74999999999999645, -11.65000000000000036, 5.969999999999999751 ) ) ;
#1779 = FILL_AREA_STYLE_COLOUR ( '', #1579 ) ;
#1780 = ORIENTED_EDGE ( 'NONE', *, *, #3207, .T. ) ;
#1781 = DIRECTION ( 'NONE',  ( 0.000000000000000000, 0.000000000000000000, 1.000000000000000000 ) ) ;
#1782 = AXIS2_PLACEMENT_3D ( 'NONE', #2800, #1781, #1547 ) ;
#1783 = VERTEX_POINT ( 'NONE', #2101 ) ;
#1784 = EDGE_CURVE ( 'NONE', #2768, #953, #2604, .T. ) ;
#1785 =( NAMED_UNIT ( * ) SI_UNIT ( $, .STERADIAN. ) SOLID_ANGLE_UNIT ( ) );
#1786 = LINE ( 'NONE', #3357, #3217 ) ;
#1787 = ORIENTED_EDGE ( 'NONE', *, *, #1205, .F. ) ;
#1788 = EDGE_CURVE ( 'NONE', #1096, #884, #3164, .T. ) ;
#1789 = CARTESIAN_POINT ( 'NONE',  ( -16.74999999999999645, 11.65000000000000036, 6.349999999999999645 ) ) ;
#1790 = UNCERTAINTY_MEASURE_WITH_UNIT (LENGTH_MEASURE( 1.000000000000000082E-05 ), #621, 'distance_accuracy_value', 'NONE');
#1791 = LINE ( 'NONE', #2348, #1492 ) ;
#1792 = AXIS2_PLACEMENT_3D ( 'NONE', #1719, #219, #3057 ) ;
#1793 = DIRECTION ( 'NONE',  ( 1.000000000000000000, 0.000000000000000000, 0.000000000000000000 ) ) ;
#1794 = FILL_AREA_STYLE ('',( #2003 ) ) ;
#1795 =( NAMED_UNIT ( * ) PLANE_ANGLE_UNIT ( ) SI_UNIT ( $, .RADIAN. ) );
#1796 = AXIS2_PLACEMENT_3D ( 'NONE', #831, #1362, #2395 ) ;
#1797 = ORIENTED_EDGE ( 'NONE', *, *, #2570, .F. ) ;
#1798 = DIRECTION ( 'NONE',  ( 1.000000000000000000, 0.000000000000000000, 0.000000000000000000 ) ) ;
#1799 = MECHANICAL_DESIGN_GEOMETRIC_PRESENTATION_REPRESENTATION (  '', ( #3269 ), #935 ) ;
#1800 = EDGE_LOOP ( 'NONE', ( #2952, #734, #812, #2512 ) ) ;
#1801 = SURFACE_STYLE_USAGE ( .BOTH. , #1274 ) ;
#1802 = DIRECTION ( 'NONE',  ( 0.000000000000000000, 1.000000000000000000, 0.000000000000000000 ) ) ;
#1803 = COLOUR_RGB ( '',0.5019607843137254832, 0.5019607843137254832, 0.5019607843137254832 ) ;
#1804 = ORIENTED_EDGE ( 'NONE', *, *, #628, .T. ) ;
#1805 = FILL_AREA_STYLE ('',( #763 ) ) ;
#1806 = EDGE_CURVE ( 'NONE', #1964, #3073, #1351, .T. ) ;
#1807 = DIRECTION ( 'NONE',  ( 1.000000000000000000, 0.000000000000000000, 0.000000000000000000 ) ) ;
#1808 = VECTOR ( 'NONE', #1565, 1000.000000000000000 ) ;
#1809 = FACE_OUTER_BOUND ( 'NONE', #1324, .T. ) ;
#1810 =( LENGTH_UNIT ( ) NAMED_UNIT ( * ) SI_UNIT ( .MILLI., .METRE. ) );
#1811 = CARTESIAN_POINT ( 'NONE',  ( 13.86200000000000010, 3.810000000000000053, 9.369999999999999218 ) ) ;
#1812 = ORIENTED_EDGE ( 'NONE', *, *, #1410, .T. ) ;
#1813 = DIRECTION ( 'NONE',  ( 0.000000000000000000, 1.000000000000000000, -0.000000000000000000 ) ) ;
#1814 =( LENGTH_UNIT ( ) NAMED_UNIT ( * ) SI_UNIT ( .MILLI., .METRE. ) );
#1815 = EDGE_LOOP ( 'NONE', ( #1626, #1051, #2850, #687 ) ) ;
#1816 =( LENGTH_UNIT ( ) NAMED_UNIT ( * ) SI_UNIT ( .MILLI., .METRE. ) );
#1817 = DIRECTION ( 'NONE',  ( 0.000000000000000000, 0.000000000000000000, -1.000000000000000000 ) ) ;
#1818 = FACE_BOUND ( 'NONE', #1886, .T. ) ;
#1819 = VERTEX_POINT ( 'NONE', #572 ) ;
#1820 = CIRCLE ( 'NONE', #293, 1.000000000000000000 ) ;
#1821 = EDGE_CURVE ( 'NONE', #48, #252, #1580, .T. ) ;
#1822 = VECTOR ( 'NONE', #3022, 1000.000000000000000 ) ;
#1823 = COLOUR_RGB ( '',0.6666666666666666297, 0.6980392156862744724, 0.7686274509803920907 ) ;
#1824 = CARTESIAN_POINT ( 'NONE',  ( 13.97000000000000064, 3.810000000000000053, 9.769999999999999574 ) ) ;
#1825 = CIRCLE ( 'NONE', #36, 1.000000000000000000 ) ;
#1826 = UNCERTAINTY_MEASURE_WITH_UNIT (LENGTH_MEASURE( 1.000000000000000082E-05 ), #1810, 'distance_accuracy_value', 'NONE');
#1827 = ORIENTED_EDGE ( 'NONE', *, *, #459, .F. ) ;
#1828 = ADVANCED_FACE ( 'NONE', ( #319 ), #2403, .T. ) ;
#1829 = LINE ( 'NONE', #1333, #248 ) ;
#1830 = SURFACE_SIDE_STYLE ('',( #871 ) ) ;
#1831 = PRESENTATION_STYLE_ASSIGNMENT (( #327 ) ) ;
#1832 = PRESENTATION_LAYER_ASSIGNMENT (  '', '', ( #2312 ) ) ;
#1833 = COLOUR_RGB ( '',0.6470588235294117974, 0.5176470588235293491, 0.000000000000000000 ) ;
#1834 = VERTEX_POINT ( 'NONE', #2464 ) ;
#1835 = FACE_OUTER_BOUND ( 'NONE', #1452, .T. ) ;
#1836 = CIRCLE ( 'NONE', #3153, 0.7620000000000005658 ) ;
#1837 = EDGE_LOOP ( 'NONE', ( #2705, #1359, #2884, #2900 ) ) ;
#1838 = MECHANICAL_DESIGN_GEOMETRIC_PRESENTATION_REPRESENTATION (  '', ( #47 ), #1241 ) ;
#1839 =( GEOMETRIC_REPRESENTATION_CONTEXT ( 3 ) GLOBAL_UNCERTAINTY_ASSIGNED_CONTEXT ( ( #486 ) ) GLOBAL_UNIT_ASSIGNED_CONTEXT ( ( #158, #2180, #1731 ) ) REPRESENTATION_CONTEXT ( 'NONE', 'WORKASPACE' ) );
#1840 = CARTESIAN_POINT ( 'NONE',  ( 13.97000000000000064, 3.810000000000000053, 9.369999999999999218 ) ) ;
#1841 = VECTOR ( 'NONE', #3012, 1000.000000000000000 ) ;
#1842 = FILL_AREA_STYLE ('',( #1640 ) ) ;
#1843 = MECHANICAL_DESIGN_GEOMETRIC_PRESENTATION_REPRESENTATION (  '', ( #3212 ), #364 ) ;
#1844 = ORIENTED_EDGE ( 'NONE', *, *, #1178, .T. ) ;
#1845 = DIRECTION ( 'NONE',  ( 0.000000000000000000, 0.000000000000000000, -1.000000000000000000 ) ) ;
#1846 =( NAMED_UNIT ( * ) PLANE_ANGLE_UNIT ( ) SI_UNIT ( $, .RADIAN. ) );
#1847 = DIRECTION ( 'NONE',  ( -1.000000000000000000, 1.224646799147355672E-16, 0.000000000000000000 ) ) ;
#1848 = CARTESIAN_POINT ( 'NONE',  ( -13.97000000000000064, 0.000000000000000000, 9.369999999999999218 ) ) ;
#1849 = EDGE_CURVE ( 'NONE', #761, #2206, #2664, .T. ) ;
#1850 = ORIENTED_EDGE ( 'NONE', *, *, #3113, .T. ) ;
#1851 = SURFACE_SIDE_STYLE ('',( #1901 ) ) ;
#1852 = AXIS2_PLACEMENT_3D ( 'NONE', #1893, #821, #1912 ) ;
#1853 = PRESENTATION_STYLE_ASSIGNMENT (( #250 ) ) ;
#1854 = ORIENTED_EDGE ( 'NONE', *, *, #24, .F. ) ;
#1855 = CIRCLE ( 'NONE', #3169, 0.5079999999999997851 ) ;
#1856 =( NAMED_UNIT ( * ) PLANE_ANGLE_UNIT ( ) SI_UNIT ( $, .RADIAN. ) );
#1857 = CARTESIAN_POINT ( 'NONE',  ( 17.11785043614062829, -12.12173155784414824, -3.000000000000000000 ) ) ;
#1858 = CARTESIAN_POINT ( 'NONE',  ( -13.97000000000000064, 0.000000000000000000, 5.969999999999999751 ) ) ;
#1859 = CARTESIAN_POINT ( 'NONE',  ( 13.20799999999999841, 7.620000000000000107, 9.119999999999999218 ) ) ;
#1860 = UNCERTAINTY_MEASURE_WITH_UNIT (LENGTH_MEASURE( 1.000000000000000082E-05 ), #2227, 'distance_accuracy_value', 'NONE');
#1861 = ORIENTED_EDGE ( 'NONE', *, *, #2447, .T. ) ;
#1862 = DIRECTION ( 'NONE',  ( -0.000000000000000000, 0.000000000000000000, 1.000000000000000000 ) ) ;
#1863 =( LENGTH_UNIT ( ) NAMED_UNIT ( * ) SI_UNIT ( .MILLI., .METRE. ) );
#1864 = CARTESIAN_POINT ( 'NONE',  ( 11.25000000000000000, 13.15000000000000213, 6.349999999999999645 ) ) ;
#1865 = VERTEX_POINT ( 'NONE', #138 ) ;
#1866 = EDGE_CURVE ( 'NONE', #643, #1198, #1443, .T. ) ;
#1867 = DIRECTION ( 'NONE',  ( 1.000000000000000000, 0.000000000000000000, 0.000000000000000000 ) ) ;
#1868 = EDGE_LOOP ( 'NONE', ( #684, #2265, #3102, #3142 ) ) ;
#1869 = EDGE_CURVE ( 'NONE', #600, #2648, #2738, .T. ) ;
#1870 = DIRECTION ( 'NONE',  ( 0.000000000000000000, -1.000000000000000000, 0.000000000000000000 ) ) ;
#1871 = DIRECTION ( 'NONE',  ( -0.000000000000000000, -0.000000000000000000, -1.000000000000000000 ) ) ;
#1872 = DIRECTION ( 'NONE',  ( 0.000000000000000000, 0.000000000000000000, 1.000000000000000000 ) ) ;
#1873 = CARTESIAN_POINT ( 'NONE',  ( 13.97000000000000064, -7.620000000000000107, 9.769999999999999574 ) ) ;
#1874 = ORIENTED_EDGE ( 'NONE', *, *, #1183, .T. ) ;
#1875 =( GEOMETRIC_REPRESENTATION_CONTEXT ( 3 ) GLOBAL_UNCERTAINTY_ASSIGNED_CONTEXT ( ( #287 ) ) GLOBAL_UNIT_ASSIGNED_CONTEXT ( ( #2803, #2026, #1769 ) ) REPRESENTATION_CONTEXT ( 'NONE', 'WORKASPACE' ) );
#1876 = CARTESIAN_POINT ( 'NONE',  ( -11.25000000000000000, 13.15000000000000213, 5.969999999999999751 ) ) ;
#1877 = SURFACE_STYLE_FILL_AREA ( #842 ) ;
#1878 = SURFACE_STYLE_FILL_AREA ( #46 ) ;
#1879 = AXIS2_PLACEMENT_3D ( 'NONE', #785, #2350, #2086 ) ;
#1880 = CIRCLE ( 'NONE', #399, 0.5079999999999997851 ) ;
#1881 = EDGE_LOOP ( 'NONE', ( #2131, #1030, #3219, #2509 ) ) ;
#1882 = AXIS2_PLACEMENT_3D ( 'NONE', #175, #2035, #1793 ) ;
#1883 = CARTESIAN_POINT ( 'NONE',  ( -13.97000000000000064, -7.620000000000000107, 9.369999999999999218 ) ) ;
#1884 = SURFACE_STYLE_USAGE ( .BOTH. , #346 ) ;
#1885 =( GEOMETRIC_REPRESENTATION_CONTEXT ( 3 ) GLOBAL_UNCERTAINTY_ASSIGNED_CONTEXT ( ( #2122 ) ) GLOBAL_UNIT_ASSIGNED_CONTEXT ( ( #2460, #968, #1157 ) ) REPRESENTATION_CONTEXT ( 'NONE', 'WORKASPACE' ) );
#1886 = EDGE_LOOP ( 'NONE', ( #2966, #494, #2146, #2472, #3107, #2369, #1536, #1991 ) ) ;
#1887 =( LENGTH_UNIT ( ) NAMED_UNIT ( * ) SI_UNIT ( .MILLI., .METRE. ) );
#1888 = LINE ( 'NONE', #814, #17 ) ;
#1889 = FILL_AREA_STYLE ('',( #2361 ) ) ;
#1890 = EDGE_CURVE ( 'NONE', #2071, #3205, #1948, .T. ) ;
#1891 = MECHANICAL_DESIGN_GEOMETRIC_PRESENTATION_REPRESENTATION (  '', ( #3369 ), #2543 ) ;
#1892 = CARTESIAN_POINT ( 'NONE',  ( 18.25000000000000000, -11.65000000000000036, 6.349999999999999645 ) ) ;
#1893 = CARTESIAN_POINT ( 'NONE',  ( 13.97000000000000064, 3.810000000000000053, 5.969999999999999751 ) ) ;
#1894 = UNCERTAINTY_MEASURE_WITH_UNIT (LENGTH_MEASURE( 1.000000000000000082E-05 ), #1816, 'distance_accuracy_value', 'NONE');
#1895 = ORIENTED_EDGE ( 'NONE', *, *, #1916, .F. ) ;
#1896 = STYLED_ITEM ( 'NONE', ( #820 ), #1767 ) ;
#1897 = LINE ( 'NONE', #2720, #2200 ) ;
#1898 = SURFACE_STYLE_FILL_AREA ( #2088 ) ;
#1899 = SURFACE_SIDE_STYLE ('',( #2652 ) ) ;
#1900 = VERTEX_POINT ( 'NONE', #2416 ) ;
#1901 = SURFACE_STYLE_FILL_AREA ( #810 ) ;
#1902 = LINE ( 'NONE', #2690, #811 ) ;
#1903 = STYLED_ITEM ( 'NONE', ( #1853 ), #2256 ) ;
#1904 = ORIENTED_EDGE ( 'NONE', *, *, #1224, .T. ) ;
#1905 = FILL_AREA_STYLE ('',( #3343 ) ) ;
#1906 = SURFACE_STYLE_FILL_AREA ( #2918 ) ;
#1907 = MECHANICAL_DESIGN_GEOMETRIC_PRESENTATION_REPRESENTATION (  '', ( #3116 ), #1639 ) ;
#1908 = DIRECTION ( 'NONE',  ( -1.000000000000000000, 0.000000000000000000, 0.000000000000000000 ) ) ;
#1909 = COLOUR_RGB ( '',0.6470588235294117974, 0.5176470588235293491, 0.000000000000000000 ) ;
#1910 = EDGE_CURVE ( 'NONE', #2798, #1834, #675, .T. ) ;
#1911 = DIRECTION ( 'NONE',  ( -0.000000000000000000, -0.000000000000000000, -1.000000000000000000 ) ) ;
#1912 = DIRECTION ( 'NONE',  ( 1.000000000000000000, 0.000000000000000000, 0.000000000000000000 ) ) ;
#1913 = ORIENTED_EDGE ( 'NONE', *, *, #106, .T. ) ;
#1914 = STYLED_ITEM ( 'NONE', ( #478 ), #3350 ) ;
#1915 = DIRECTION ( 'NONE',  ( -0.000000000000000000, -0.000000000000000000, -1.000000000000000000 ) ) ;
#1916 = EDGE_CURVE ( 'NONE', #2847, #1706, #52, .T. ) ;
#1917 = SURFACE_SIDE_STYLE ('',( #2721 ) ) ;
#1918 = ORIENTED_EDGE ( 'NONE', *, *, #502, .T. ) ;
#1919 =( GEOMETRIC_REPRESENTATION_CONTEXT ( 3 ) GLOBAL_UNCERTAINTY_ASSIGNED_CONTEXT ( ( #1693 ) ) GLOBAL_UNIT_ASSIGNED_CONTEXT ( ( #952, #3036, #686 ) ) REPRESENTATION_CONTEXT ( 'NONE', 'WORKASPACE' ) );
#1920 = SURFACE_SIDE_STYLE ('',( #1712 ) ) ;
#1921 = CARTESIAN_POINT ( 'NONE',  ( 16.74999999999999645, -11.65000000000000036, 6.349999999999999645 ) ) ;
#1922 = ORIENTED_EDGE ( 'NONE', *, *, #1019, .T. ) ;
#1923 = DIRECTION ( 'NONE',  ( -0.000000000000000000, -0.000000000000000000, -1.000000000000000000 ) ) ;
#1924 = DIRECTION ( 'NONE',  ( 1.000000000000000000, 0.000000000000000000, 0.000000000000000000 ) ) ;
#1925 = EDGE_CURVE ( 'NONE', #2206, #1783, #89, .T. ) ;
#1926 = ORIENTED_EDGE ( 'NONE', *, *, #1265, .T. ) ;
#1927 = SURFACE_STYLE_USAGE ( .BOTH. , #2962 ) ;
#1928 = DIRECTION ( 'NONE',  ( -0.000000000000000000, -0.000000000000000000, -1.000000000000000000 ) ) ;
#1929 = ADVANCED_FACE ( 'NONE', ( #395 ), #1704, .F. ) ;
#1930 = ORIENTED_EDGE ( 'NONE', *, *, #2735, .T. ) ;
#1931 = CARTESIAN_POINT ( 'NONE',  ( -14.47800000000147236, 7.620000000000000107, 5.969999999999999751 ) ) ;
#1932 = COLOUR_RGB ( '',0.6470588235294117974, 0.5176470588235293491, 0.000000000000000000 ) ;
#1933 = STYLED_ITEM ( 'NONE', ( #2931 ), #994 ) ;
#1934 = ORIENTED_EDGE ( 'NONE', *, *, #79, .T. ) ;
#1935 = SURFACE_STYLE_USAGE ( .BOTH. , #3162 ) ;
#1936 = DIRECTION ( 'NONE',  ( 1.000000000000000000, 0.000000000000000000, 0.000000000000000000 ) ) ;
#1937 = SURFACE_SIDE_STYLE ('',( #1125 ) ) ;
#1938 = COLOUR_RGB ( '',0.5019607843137254832, 0.5019607843137254832, 0.5019607843137254832 ) ;
#1939 =( NAMED_UNIT ( * ) SI_UNIT ( $, .STERADIAN. ) SOLID_ANGLE_UNIT ( ) );
#1940 = ORIENTED_EDGE ( 'NONE', *, *, #1925, .T. ) ;
#1941 = CARTESIAN_POINT ( 'NONE',  ( 6.871735530712825835, 4.741736504755279746, 6.339999999999999858 ) ) ;
#1942 = AXIS2_PLACEMENT_3D ( 'NONE', #1046, #2332, #9 ) ;
#1943 =( LENGTH_UNIT ( ) NAMED_UNIT ( * ) SI_UNIT ( .MILLI., .METRE. ) );
#1944 = CARTESIAN_POINT ( 'NONE',  ( 13.97000000000000064, 0.000000000000000000, 9.769999999999999574 ) ) ;
#1945 = VERTEX_POINT ( 'NONE', #3272 ) ;
#1946 = SURFACE_STYLE_USAGE ( .BOTH. , #1920 ) ;
#1947 = FILL_AREA_STYLE_COLOUR ( '', #2971 ) ;
#1948 = CIRCLE ( 'NONE', #3257, 1.000000000000000000 ) ;
#1949 = ADVANCED_FACE ( 'NONE', ( #637 ), #1653, .T. ) ;
#1950 = EDGE_LOOP ( 'NONE', ( #1844, #1711, #1751, #1132 ) ) ;
#1951 = PLANE ( 'NONE',  #617 ) ;
#1952 = DIRECTION ( 'NONE',  ( 1.000000000000000000, 0.000000000000000000, 0.000000000000000000 ) ) ;
#1953 = VECTOR ( 'NONE', #1710, 1000.000000000000000 ) ;
#1954 = AXIS2_PLACEMENT_3D ( 'NONE', #1095, #3166, #2924 ) ;
#1955 = FILL_AREA_STYLE_COLOUR ( '', #2677 ) ;
#1956 = CARTESIAN_POINT ( 'NONE',  ( -18.25000000000000000, -11.65000000000000036, -3.000000000000000888 ) ) ;
#1957 = UNCERTAINTY_MEASURE_WITH_UNIT (LENGTH_MEASURE( 1.000000000000000082E-05 ), #1589, 'distance_accuracy_value', 'NONE');
#1958 = SURFACE_STYLE_FILL_AREA ( #930 ) ;
#1959 = PRESENTATION_LAYER_ASSIGNMENT (  '', '', ( #646 ) ) ;
#1960 = CARTESIAN_POINT ( 'NONE',  ( 16.74999999999999645, -11.65000000000000036, -3.000000000000000888 ) ) ;
#1961 = MECHANICAL_DESIGN_GEOMETRIC_PRESENTATION_REPRESENTATION (  '', ( #650 ), #2681 ) ;
#1962 = ORIENTED_EDGE ( 'NONE', *, *, #916, .T. ) ;
#1963 =( NAMED_UNIT ( * ) PLANE_ANGLE_UNIT ( ) SI_UNIT ( $, .RADIAN. ) );
#1964 = VERTEX_POINT ( 'NONE', #3095 ) ;
#1965 = ADVANCED_FACE ( 'NONE', ( #1479 ), #2840, .T. ) ;
#1966 = PRESENTATION_STYLE_ASSIGNMENT (( #409 ) ) ;
#1967 = EDGE_LOOP ( 'NONE', ( #1014, #2523 ) ) ;
#1968 = ADVANCED_FACE ( 'NONE', ( #2519 ), #2503, .T. ) ;
#1969 = PRESENTATION_STYLE_ASSIGNMENT (( #1654 ) ) ;
#1970 = SURFACE_STYLE_FILL_AREA ( #2179 ) ;
#1971 = ORIENTED_EDGE ( 'NONE', *, *, #3238, .F. ) ;
#1972 = FILL_AREA_STYLE_COLOUR ( '', #1716 ) ;
#1973 = AXIS2_PLACEMENT_3D ( 'NONE', #2018, #135, #797 ) ;
#1974 = ORIENTED_EDGE ( 'NONE', *, *, #2816, .T. ) ;
#1975 = DIRECTION ( 'NONE',  ( 0.000000000000000000, 0.000000000000000000, 1.000000000000000000 ) ) ;
#1976 = FACE_OUTER_BOUND ( 'NONE', #2289, .T. ) ;
#1977 =( GEOMETRIC_REPRESENTATION_CONTEXT ( 3 ) GLOBAL_UNCERTAINTY_ASSIGNED_CONTEXT ( ( #1957 ) ) GLOBAL_UNIT_ASSIGNED_CONTEXT ( ( #1589, #1321, #2949 ) ) REPRESENTATION_CONTEXT ( 'NONE', 'WORKASPACE' ) );
#1978 = PRESENTATION_STYLE_ASSIGNMENT (( #3268 ) ) ;
#1979 = CARTESIAN_POINT ( 'NONE',  ( 11.25000000000000000, 0.000000000000000000, 5.969999999999999751 ) ) ;
#1980 =( GEOMETRIC_REPRESENTATION_CONTEXT ( 3 ) GLOBAL_UNCERTAINTY_ASSIGNED_CONTEXT ( ( #2647 ) ) GLOBAL_UNIT_ASSIGNED_CONTEXT ( ( #2297, #754, #492 ) ) REPRESENTATION_CONTEXT ( 'NONE', 'WORKASPACE' ) );
#1981 = COLOUR_RGB ( '',0.6470588235294117974, 0.5176470588235293491, 0.000000000000000000 ) ;
#1982 = EDGE_CURVE ( 'NONE', #3122, #2831, #1463, .T. ) ;
#1983 = LINE ( 'NONE', #351, #1591 ) ;
#1984 = UNCERTAINTY_MEASURE_WITH_UNIT (LENGTH_MEASURE( 1.000000000000000082E-05 ), #991, 'distance_accuracy_value', 'NONE');
#1985 = LINE ( 'NONE', #2130, #639 ) ;
#1986 = EDGE_LOOP ( 'NONE', ( #2377, #1487, #2603, #2438 ) ) ;
#1987 = DIRECTION ( 'NONE',  ( 0.000000000000000000, 0.000000000000000000, 1.000000000000000000 ) ) ;
#1988 = CARTESIAN_POINT ( 'NONE',  ( 6.871735530712825835, 4.741736504755279746, 6.349999999999999645 ) ) ;
#1989 = VECTOR ( 'NONE', #1928, 1000.000000000000000 ) ;
#1990 = UNCERTAINTY_MEASURE_WITH_UNIT (LENGTH_MEASURE( 1.000000000000000082E-05 ), #713, 'distance_accuracy_value', 'NONE');
#1991 = ORIENTED_EDGE ( 'NONE', *, *, #1373, .F. ) ;
#1992 = PLANE ( 'NONE',  #1117 ) ;
#1993 = APPLICATION_PROTOCOL_DEFINITION ( 'draft international standard', 'automotive_design', 1998, #3094 ) ;
#1994 = SURFACE_STYLE_USAGE ( .BOTH. , #236 ) ;
#1995 = PRESENTATION_LAYER_ASSIGNMENT (  '', '', ( #107 ) ) ;
#1996 = ORIENTED_EDGE ( 'NONE', *, *, #2880, .T. ) ;
#1997 = SURFACE_STYLE_USAGE ( .BOTH. , #1703 ) ;
#1998 = PRESENTATION_LAYER_ASSIGNMENT (  '', '', ( #2 ) ) ;
#1999 = CIRCLE ( 'NONE', #5, 0.5079999999999997851 ) ;
#2000 = DIRECTION ( 'NONE',  ( 0.000000000000000000, -0.000000000000000000, -1.000000000000000000 ) ) ;
#2001 = EDGE_CURVE ( 'NONE', #491, #995, #3209, .T. ) ;
#2002 = CARTESIAN_POINT ( 'NONE',  ( 13.97000000000000064, -3.810000000000000053, 9.769999999999999574 ) ) ;
#2003 = FILL_AREA_STYLE_COLOUR ( '', #1024 ) ;
#2004 = AXIS2_PLACEMENT_3D ( 'NONE', #1403, #1418, #108 ) ;
#2005 = CARTESIAN_POINT ( 'NONE',  ( -6.871735530712818729, 5.741736504755279746, 6.339999999999999858 ) ) ;
#2006 = ORIENTED_EDGE ( 'NONE', *, *, #2978, .T. ) ;
#2007 = COLOUR_RGB ( '',0.6470588235294117974, 0.5176470588235293491, 0.000000000000000000 ) ;
#2008 = EDGE_CURVE ( 'NONE', #2349, #1603, #2787, .T. ) ;
#2009 = PRESENTATION_STYLE_ASSIGNMENT (( #422 ) ) ;
#2010 = DIRECTION ( 'NONE',  ( 1.000000000000000000, 0.000000000000000000, 0.000000000000000000 ) ) ;
#2011 =( GEOMETRIC_REPRESENTATION_CONTEXT ( 3 ) GLOBAL_UNCERTAINTY_ASSIGNED_CONTEXT ( ( #3336 ) ) GLOBAL_UNIT_ASSIGNED_CONTEXT ( ( #2605, #779, #3093 ) ) REPRESENTATION_CONTEXT ( 'NONE', 'WORKASPACE' ) );
#2012 = VERTEX_POINT ( 'NONE', #72 ) ;
#2013 =( NAMED_UNIT ( * ) PLANE_ANGLE_UNIT ( ) SI_UNIT ( $, .RADIAN. ) );
#2014 =( NAMED_UNIT ( * ) PLANE_ANGLE_UNIT ( ) SI_UNIT ( $, .RADIAN. ) );
#2015 = CARTESIAN_POINT ( 'NONE',  ( -13.86200000000000010, 0.000000000000000000, 9.369999999999999218 ) ) ;
#2016 = DIRECTION ( 'NONE',  ( -1.000000000000000000, 0.000000000000000000, 0.000000000000000000 ) ) ;
#2017 = UNCERTAINTY_MEASURE_WITH_UNIT (LENGTH_MEASURE( 1.000000000000000082E-05 ), #773, 'distance_accuracy_value', 'NONE');
#2018 = CARTESIAN_POINT ( 'NONE',  ( 13.86200000000000010, -3.810000000000000053, 9.369999999999999218 ) ) ;
#2019 = CARTESIAN_POINT ( 'NONE',  ( 13.46199999999999974, 0.000000000000000000, 9.369999999999999218 ) ) ;
#2020 = CARTESIAN_POINT ( 'NONE',  ( 13.97000000000000064, 0.000000000000000000, 9.369999999999999218 ) ) ;
#2021 = ADVANCED_FACE ( 'NONE', ( #272 ), #1554, .T. ) ;
#2022 = EDGE_LOOP ( 'NONE', ( #1354, #1913, #3216, #703 ) ) ;
#2023 = CARTESIAN_POINT ( 'NONE',  ( -13.97000000000147324, 7.620000000000000107, 9.369999999999999218 ) ) ;
#2024 = ADVANCED_FACE ( 'NONE', ( #2347 ), #254, .T. ) ;
#2025 = ORIENTED_EDGE ( 'NONE', *, *, #357, .F. ) ;
#2026 =( NAMED_UNIT ( * ) PLANE_ANGLE_UNIT ( ) SI_UNIT ( $, .RADIAN. ) );
#2027 = SURFACE_SIDE_STYLE ('',( #217 ) ) ;
#2028 = CYLINDRICAL_SURFACE ( 'NONE', #3056, 1.000000000000000000 ) ;
#2029 = ORIENTED_EDGE ( 'NONE', *, *, #530, .T. ) ;
#2030 = PRESENTATION_LAYER_ASSIGNMENT (  '', '', ( #296 ) ) ;
#2031 = DIRECTION ( 'NONE',  ( 0.000000000000000000, 0.000000000000000000, 1.000000000000000000 ) ) ;
#2032 = AXIS2_PLACEMENT_3D ( 'NONE', #2394, #2901, #1134 ) ;
#2033 = LINE ( 'NONE', #1313, #2709 ) ;
#2034 = AXIS2_PLACEMENT_3D ( 'NONE', #179, #1217, #1528 ) ;
#2035 = DIRECTION ( 'NONE',  ( 0.000000000000000000, 0.000000000000000000, 1.000000000000000000 ) ) ;
#2036 = MECHANICAL_DESIGN_GEOMETRIC_PRESENTATION_REPRESENTATION (  '', ( #1287 ), #90 ) ;
#2037 =( NAMED_UNIT ( * ) SI_UNIT ( $, .STERADIAN. ) SOLID_ANGLE_UNIT ( ) );
#2038 = ORIENTED_EDGE ( 'NONE', *, *, #2516, .F. ) ;
#2039 = CARTESIAN_POINT ( 'NONE',  ( 13.97000000000000064, 7.620000000000000107, 9.769999999999999574 ) ) ;
#2040 =( NAMED_UNIT ( * ) PLANE_ANGLE_UNIT ( ) SI_UNIT ( $, .RADIAN. ) );
#2041 = CIRCLE ( 'NONE', #576, 1.500000000000001332 ) ;
#2042 = ORIENTED_EDGE ( 'NONE', *, *, #1349, .T. ) ;
#2043 = DIRECTION ( 'NONE',  ( -1.000000000000000000, 0.000000000000000000, 0.000000000000000000 ) ) ;
#2044 = ADVANCED_FACE ( 'NONE', ( #2381 ), #54, .T. ) ;
#2045 = LINE ( 'NONE', #2805, #2500 ) ;
#2046 = AXIS2_PLACEMENT_3D ( 'NONE', #1778, #2314, #2844 ) ;
#2047 = SURFACE_SIDE_STYLE ('',( #294 ) ) ;
#2048 = VERTEX_POINT ( 'NONE', #362 ) ;
#2049 =( GEOMETRIC_REPRESENTATION_CONTEXT ( 3 ) GLOBAL_UNCERTAINTY_ASSIGNED_CONTEXT ( ( #1211 ) ) GLOBAL_UNIT_ASSIGNED_CONTEXT ( ( #1252, #504, #1483 ) ) REPRESENTATION_CONTEXT ( 'NONE', 'WORKASPACE' ) );
#2050 =( NAMED_UNIT ( * ) PLANE_ANGLE_UNIT ( ) SI_UNIT ( $, .RADIAN. ) );
#2051 = VECTOR ( 'NONE', #2958, 1000.000000000000000 ) ;
#2052 = DIRECTION ( 'NONE',  ( 0.000000000000000000, -1.000000000000000000, 0.000000000000000000 ) ) ;
#2053 = COLOUR_RGB ( '',0.6666666666666666297, 0.6980392156862744724, 0.7686274509803920907 ) ;
#2054 =( NAMED_UNIT ( * ) PLANE_ANGLE_UNIT ( ) SI_UNIT ( $, .RADIAN. ) );
#2055 =( NAMED_UNIT ( * ) SI_UNIT ( $, .STERADIAN. ) SOLID_ANGLE_UNIT ( ) );
#2056 = AXIS2_PLACEMENT_3D ( 'NONE', #1551, #1020, #2883 ) ;
#2057 = DIRECTION ( 'NONE',  ( -0.000000000000000000, -0.000000000000000000, 1.000000000000000000 ) ) ;
#2058 = EDGE_LOOP ( 'NONE', ( #3185, #1170, #3294, #211 ) ) ;
#2059 = VECTOR ( 'NONE', #3252, 1000.000000000000000 ) ;
#2060 = VECTOR ( 'NONE', #2057, 1000.000000000000000 ) ;
#2061 = COLOUR_RGB ( '',0.6470588235294117974, 0.5176470588235293491, 0.000000000000000000 ) ;
#2062 = ORIENTED_EDGE ( 'NONE', *, *, #672, .T. ) ;
#2063 = CARTESIAN_POINT ( 'NONE',  ( 16.74999999999999645, 13.15000000000000213, -3.010000000000000675 ) ) ;
#2064 =( GEOMETRIC_REPRESENTATION_CONTEXT ( 3 ) GLOBAL_UNCERTAINTY_ASSIGNED_CONTEXT ( ( #414 ) ) GLOBAL_UNIT_ASSIGNED_CONTEXT ( ( #2747, #2253, #944 ) ) REPRESENTATION_CONTEXT ( 'NONE', 'WORKASPACE' ) );
#2065 = EDGE_CURVE ( 'NONE', #2048, #2559, #3254, .T. ) ;
#2066 = ORIENTED_EDGE ( 'NONE', *, *, #807, .T. ) ;
#2067 = DIRECTION ( 'NONE',  ( 1.000000000000000000, 0.000000000000000000, 0.000000000000000000 ) ) ;
#2068 = ADVANCED_FACE ( 'NONE', ( #943 ), #1701, .T. ) ;
#2069 = CARTESIAN_POINT ( 'NONE',  ( 0.000000000000000000, 13.15000000000000213, 5.969999999999999751 ) ) ;
#2070 = CARTESIAN_POINT ( 'NONE',  ( -11.25000000000000000, 13.15000000000000213, 5.969999999999999751 ) ) ;
#2071 = VERTEX_POINT ( 'NONE', #2733 ) ;
#2072 = CARTESIAN_POINT ( 'NONE',  ( 16.74999999999999645, 13.15000000000000213, 6.349999999999999645 ) ) ;
#2073 = PLANE ( 'NONE',  #1421 ) ;
#2074 = ORIENTED_EDGE ( 'NONE', *, *, #1849, .F. ) ;
#2075 = DIRECTION ( 'NONE',  ( -1.000000000000000000, 0.000000000000000000, 0.000000000000000000 ) ) ;
#2076 =( NAMED_UNIT ( * ) SI_UNIT ( $, .STERADIAN. ) SOLID_ANGLE_UNIT ( ) );
#2077 = ORIENTED_EDGE ( 'NONE', *, *, #1349, .F. ) ;
#2078 = AXIS2_PLACEMENT_3D ( 'NONE', #554, #2888, #2729 ) ;
#2079 = CARTESIAN_POINT ( 'NONE',  ( 14.07799999999999940, 0.000000000000000000, 9.769999999999999574 ) ) ;
#2080 = ADVANCED_FACE ( 'NONE', ( #2955 ), #1158, .T. ) ;
#2081 = STYLED_ITEM ( 'NONE', ( #3019 ), #379 ) ;
#2082 = PRESENTATION_LAYER_ASSIGNMENT (  '', '', ( #1933 ) ) ;
#2083 = DIRECTION ( 'NONE',  ( -0.000000000000000000, -0.000000000000000000, -1.000000000000000000 ) ) ;
#2084 = CARTESIAN_POINT ( 'NONE',  ( 14.47799999999999976, -3.810000000000000053, 5.969999999999999751 ) ) ;
#2085 = VERTEX_POINT ( 'NONE', #1412 ) ;
#2086 = DIRECTION ( 'NONE',  ( 0.000000000000000000, 0.000000000000000000, -1.000000000000000000 ) ) ;
#2087 = CARTESIAN_POINT ( 'NONE',  ( -13.97000000000000064, -7.620000000000000107, 9.769999999999999574 ) ) ;
#2088 = FILL_AREA_STYLE ('',( #1050 ) ) ;
#2089 = COLOUR_RGB ( '',0.6470588235294117974, 0.5176470588235293491, 0.000000000000000000 ) ;
#2090 = CARTESIAN_POINT ( 'NONE',  ( -16.74999999999999645, 13.15000000000000213, 6.349999999999999645 ) ) ;
#2091 = UNCERTAINTY_MEASURE_WITH_UNIT (LENGTH_MEASURE( 1.000000000000000082E-05 ), #2693, 'distance_accuracy_value', 'NONE');
#2092 = ORIENTED_EDGE ( 'NONE', *, *, #895, .T. ) ;
#2093 = FACE_OUTER_BOUND ( 'NONE', #311, .T. ) ;
#2094 = AXIS2_PLACEMENT_3D ( 'NONE', #805, #2897, #3138 ) ;
#2095 = PLANE ( 'NONE',  #1525 ) ;
#2096 = VERTEX_POINT ( 'NONE', #104 ) ;
#2097 = FILL_AREA_STYLE ('',( #70 ) ) ;
#2098 = PRESENTATION_LAYER_ASSIGNMENT (  '', '', ( #1677 ) ) ;
#2099 = SURFACE_STYLE_FILL_AREA ( #3250 ) ;
#2100 = COLOUR_RGB ( '',0.6470588235294117974, 0.5176470588235293491, 0.000000000000000000 ) ;
#2101 = CARTESIAN_POINT ( 'NONE',  ( 14.47799999999999976, 6.221205739668557773E-17, 5.969999999999999751 ) ) ;
#2102 = CARTESIAN_POINT ( 'NONE',  ( -16.74999999999999645, -13.15000000000000213, -6.349999999999999645 ) ) ;
#2103 = CIRCLE ( 'NONE', #2217, 0.3999999999999993006 ) ;
#2104 = EDGE_CURVE ( 'NONE', #3200, #2934, #123, .T. ) ;
#2105 = ORIENTED_EDGE ( 'NONE', *, *, #2110, .T. ) ;
#2106 = DIRECTION ( 'NONE',  ( 0.000000000000000000, -1.000000000000000000, 0.000000000000000000 ) ) ;
#2107 = CARTESIAN_POINT ( 'NONE',  ( 7.871735530712825835, -4.741736504755272641, 6.349999999999999645 ) ) ;
#2108 = MECHANICAL_DESIGN_GEOMETRIC_PRESENTATION_REPRESENTATION (  '', ( #2839 ), #3114 ) ;
#2109 = DIRECTION ( 'NONE',  ( -1.000000000000000000, 0.000000000000000000, 0.000000000000000000 ) ) ;
#2110 = EDGE_CURVE ( 'NONE', #2492, #2831, #2722, .T. ) ;
#2111 = ORIENTED_EDGE ( 'NONE', *, *, #2511, .F. ) ;
#2112 = AXIS2_PLACEMENT_3D ( 'NONE', #3366, #721, #1504 ) ;
#2113 = COLOUR_RGB ( '',0.6470588235294117974, 0.5176470588235293491, 0.000000000000000000 ) ;
#2114 = CARTESIAN_POINT ( 'NONE',  ( 18.25000000000000000, 0.000000000000000000, 5.969999999999999751 ) ) ;
#2115 = ORIENTED_EDGE ( 'NONE', *, *, #340, .F. ) ;
#2116 = COLOUR_RGB ( '',0.6470588235294117974, 0.5176470588235293491, 0.000000000000000000 ) ;
#2117 = DIRECTION ( 'NONE',  ( 0.000000000000000000, 0.000000000000000000, 1.000000000000000000 ) ) ;
#2118 = VECTOR ( 'NONE', #2413, 1000.000000000000000 ) ;
#2119 = LINE ( 'NONE', #3006, #515 ) ;
#2120 = DIRECTION ( 'NONE',  ( 0.000000000000000000, 0.000000000000000000, 1.000000000000000000 ) ) ;
#2121 = DIRECTION ( 'NONE',  ( 0.000000000000000000, 0.000000000000000000, -1.000000000000000000 ) ) ;
#2122 = UNCERTAINTY_MEASURE_WITH_UNIT (LENGTH_MEASURE( 1.000000000000000082E-05 ), #2460, 'distance_accuracy_value', 'NONE');
#2123 = ORIENTED_EDGE ( 'NONE', *, *, #1750, .T. ) ;
#2124 = CARTESIAN_POINT ( 'NONE',  ( 14.08200000000000074, -7.620000000000000107, 9.769999999999999574 ) ) ;
#2125 = PLANE ( 'NONE',  #257 ) ;
#2126 = CARTESIAN_POINT ( 'NONE',  ( -16.74999999999999645, -13.15000000000000213, -3.000000000000000888 ) ) ;
#2127 = ORIENTED_EDGE ( 'NONE', *, *, #124, .T. ) ;
#2128 = CYLINDRICAL_SURFACE ( 'NONE', #143, 1.500000000000001332 ) ;
#2129 = EDGE_CURVE ( 'NONE', #1485, #600, #1632, .T. ) ;
#2130 = CARTESIAN_POINT ( 'NONE',  ( 18.25000000000000000, 11.65000000000000036, 6.349999999999999645 ) ) ;
#2131 = ORIENTED_EDGE ( 'NONE', *, *, #1643, .F. ) ;
#2132 = CARTESIAN_POINT ( 'NONE',  ( -13.97000000000147324, 7.620000000000000107, 9.369999999999999218 ) ) ;
#2133 = SURFACE_STYLE_USAGE ( .BOTH. , #23 ) ;
#2134 = PRESENTATION_LAYER_ASSIGNMENT (  '', '', ( #92 ) ) ;
#2135 =( NAMED_UNIT ( * ) SI_UNIT ( $, .STERADIAN. ) SOLID_ANGLE_UNIT ( ) );
#2136 = DIRECTION ( 'NONE',  ( -0.000000000000000000, -0.000000000000000000, -1.000000000000000000 ) ) ;
#2137 = ORIENTED_EDGE ( 'NONE', *, *, #181, .T. ) ;
#2138 =( GEOMETRIC_REPRESENTATION_CONTEXT ( 3 ) GLOBAL_UNCERTAINTY_ASSIGNED_CONTEXT ( ( #2893 ) ) GLOBAL_UNIT_ASSIGNED_CONTEXT ( ( #55, #2627, #2985 ) ) REPRESENTATION_CONTEXT ( 'NONE', 'WORKASPACE' ) );
#2139 = DIRECTION ( 'NONE',  ( -0.000000000000000000, -0.000000000000000000, -1.000000000000000000 ) ) ;
#2140 = DIRECTION ( 'NONE',  ( 1.000000000000000000, 0.000000000000000000, 0.000000000000000000 ) ) ;
#2141 = FILL_AREA_STYLE_COLOUR ( '', #2788 ) ;
#2142 =( GEOMETRIC_REPRESENTATION_CONTEXT ( 3 ) GLOBAL_UNCERTAINTY_ASSIGNED_CONTEXT ( ( #2466 ) ) GLOBAL_UNIT_ASSIGNED_CONTEXT ( ( #858, #879, #1420 ) ) REPRESENTATION_CONTEXT ( 'NONE', 'WORKASPACE' ) );
#2143 =( GEOMETRIC_REPRESENTATION_CONTEXT ( 3 ) GLOBAL_UNCERTAINTY_ASSIGNED_CONTEXT ( ( #3199 ) ) GLOBAL_UNIT_ASSIGNED_CONTEXT ( ( #1240, #3074, #2818 ) ) REPRESENTATION_CONTEXT ( 'NONE', 'WORKASPACE' ) );
#2144 = ORIENTED_EDGE ( 'NONE', *, *, #3026, .T. ) ;
#2145 =( LENGTH_UNIT ( ) NAMED_UNIT ( * ) SI_UNIT ( .MILLI., .METRE. ) );
#2146 = ORIENTED_EDGE ( 'NONE', *, *, #1265, .F. ) ;
#2147 = EDGE_CURVE ( 'NONE', #48, #2012, #2103, .T. ) ;
#2148 = PRESENTATION_STYLE_ASSIGNMENT (( #84 ) ) ;
#2149 = PRESENTATION_LAYER_ASSIGNMENT (  '', '', ( #859 ) ) ;
#2150 = EDGE_CURVE ( 'NONE', #2392, #2445, #715, .T. ) ;
#2151 = CIRCLE ( 'NONE', #2829, 0.1080000000000004567 ) ;
#2152 = FILL_AREA_STYLE_COLOUR ( '', #1681 ) ;
#2153 = LINE ( 'NONE', #1126, #7 ) ;
#2154 = UNCERTAINTY_MEASURE_WITH_UNIT (LENGTH_MEASURE( 1.000000000000000082E-05 ), #3097, 'distance_accuracy_value', 'NONE');
#2155 = ORIENTED_EDGE ( 'NONE', *, *, #2532, .F. ) ;
#2156 = AXIS2_PLACEMENT_3D ( 'NONE', #273, #855, #2120 ) ;
#2157 = DIRECTION ( 'NONE',  ( 1.000000000000000000, 0.000000000000000000, 0.000000000000000000 ) ) ;
#2158 = LINE ( 'NONE', #1148, #96 ) ;
#2159 =( NAMED_UNIT ( * ) PLANE_ANGLE_UNIT ( ) SI_UNIT ( $, .RADIAN. ) );
#2160 = MECHANICAL_DESIGN_GEOMETRIC_PRESENTATION_REPRESENTATION (  '', ( #1083 ), #1194 ) ;
#2161 = EDGE_LOOP ( 'NONE', ( #1678, #2863, #1854, #1294 ) ) ;
#2162 = PLANE ( 'NONE',  #1494 ) ;
#2163 = DIRECTION ( 'NONE',  ( 1.000000000000000000, 0.000000000000000000, 0.000000000000000000 ) ) ;
#2164 = VERTEX_POINT ( 'NONE', #3075 ) ;
#2165 = CARTESIAN_POINT ( 'NONE',  ( 14.07799999999999940, -3.810000000000000053, 9.769999999999999574 ) ) ;
#2166 = DIRECTION ( 'NONE',  ( 0.000000000000000000, -0.000000000000000000, 1.000000000000000000 ) ) ;
#2167 = PRESENTATION_LAYER_ASSIGNMENT (  '', '', ( #650 ) ) ;
#2168 =( GEOMETRIC_REPRESENTATION_CONTEXT ( 3 ) GLOBAL_UNCERTAINTY_ASSIGNED_CONTEXT ( ( #1446 ) ) GLOBAL_UNIT_ASSIGNED_CONTEXT ( ( #1162, #622, #1939 ) ) REPRESENTATION_CONTEXT ( 'NONE', 'WORKASPACE' ) );
#2169 = ADVANCED_FACE ( 'NONE', ( #3306 ), #1491, .T. ) ;
#2170 = DIRECTION ( 'NONE',  ( -0.000000000000000000, -0.000000000000000000, 1.000000000000000000 ) ) ;
#2171 = VECTOR ( 'NONE', #2671, 1000.000000000000000 ) ;
#2172 =( NAMED_UNIT ( * ) SI_UNIT ( $, .STERADIAN. ) SOLID_ANGLE_UNIT ( ) );
#2173 = ADVANCED_FACE ( 'NONE', ( #199 ), #2028, .F. ) ;
#2174 = DIRECTION ( 'NONE',  ( -0.000000000000000000, -0.000000000000000000, -1.000000000000000000 ) ) ;
#2175 = CARTESIAN_POINT ( 'NONE',  ( 14.07799999999999940, 3.810000000000000053, 9.769999999999999574 ) ) ;
#2176 = VERTEX_POINT ( 'NONE', #1772 ) ;
#2177 = COLOUR_RGB ( '',0.6470588235294117974, 0.5176470588235293491, 0.000000000000000000 ) ;
#2178 = FILL_AREA_STYLE_COLOUR ( '', #2982 ) ;
#2179 = FILL_AREA_STYLE ('',( #3214 ) ) ;
#2180 =( NAMED_UNIT ( * ) PLANE_ANGLE_UNIT ( ) SI_UNIT ( $, .RADIAN. ) );
#2181 = ORIENTED_EDGE ( 'NONE', *, *, #606, .T. ) ;
#2182 = SURFACE_STYLE_FILL_AREA ( #2779 ) ;
#2183 = ORIENTED_EDGE ( 'NONE', *, *, #2295, .T. ) ;
#2184 = PRESENTATION_STYLE_ASSIGNMENT (( #1935 ) ) ;
#2185 =( LENGTH_UNIT ( ) NAMED_UNIT ( * ) SI_UNIT ( .MILLI., .METRE. ) );
#2186 = DIRECTION ( 'NONE',  ( 0.000000000000000000, 0.000000000000000000, 1.000000000000000000 ) ) ;
#2187 = SURFACE_STYLE_FILL_AREA ( #2203 ) ;
#2188 =( LENGTH_UNIT ( ) NAMED_UNIT ( * ) SI_UNIT ( .MILLI., .METRE. ) );
#2189 = DIRECTION ( 'NONE',  ( 1.000000000000000000, 0.000000000000000000, 0.000000000000000000 ) ) ;
#2190 = DIRECTION ( 'NONE',  ( -1.000000000000000000, 0.000000000000000000, 0.000000000000000000 ) ) ;
#2191 = UNCERTAINTY_MEASURE_WITH_UNIT (LENGTH_MEASURE( 1.000000000000000082E-05 ), #2192, 'distance_accuracy_value', 'NONE');
#2192 =( LENGTH_UNIT ( ) NAMED_UNIT ( * ) SI_UNIT ( .MILLI., .METRE. ) );
#2193 = EDGE_CURVE ( 'NONE', #828, #1114, #2391, .T. ) ;
#2194 = DIRECTION ( 'NONE',  ( -0.000000000000000000, -0.000000000000000000, -1.000000000000000000 ) ) ;
#2195 = COLOUR_RGB ( '',0.5019607843137254832, 0.5019607843137254832, 0.5019607843137254832 ) ;
#2196 = ORIENTED_EDGE ( 'NONE', *, *, #765, .T. ) ;
#2197 = CYLINDRICAL_SURFACE ( 'NONE', #391, 0.7620000000000005658 ) ;
#2198 = AXIS2_PLACEMENT_3D ( 'NONE', #2496, #3338, #2043 ) ;
#2199 = ORIENTED_EDGE ( 'NONE', *, *, #1606, .T. ) ;
#2200 = VECTOR ( 'NONE', #1915, 1000.000000000000000 ) ;
#2201 = DIRECTION ( 'NONE',  ( 0.000000000000000000, 0.000000000000000000, 1.000000000000000000 ) ) ;
#2202 = STYLED_ITEM ( 'NONE', ( #3227 ), #699 ) ;
#2203 = FILL_AREA_STYLE ('',( #2481 ) ) ;
#2204 =( NAMED_UNIT ( * ) SI_UNIT ( $, .STERADIAN. ) SOLID_ANGLE_UNIT ( ) );
#2205 = PRESENTATION_LAYER_ASSIGNMENT (  '', '', ( #1571 ) ) ;
#2206 = VERTEX_POINT ( 'NONE', #480 ) ;
#2207 = MECHANICAL_DESIGN_GEOMETRIC_PRESENTATION_REPRESENTATION (  '', ( #2774 ), #1737 ) ;
#2208 = PRESENTATION_STYLE_ASSIGNMENT (( #3202 ) ) ;
#2209 = DIRECTION ( 'NONE',  ( -0.000000000000000000, -0.000000000000000000, 1.000000000000000000 ) ) ;
#2210 = EDGE_CURVE ( 'NONE', #953, #2768, #984, .T. ) ;
#2211 = FILL_AREA_STYLE ('',( #599 ) ) ;
#2212 = VECTOR ( 'NONE', #2703, 1000.000000000000000 ) ;
#2213 = ORIENTED_EDGE ( 'NONE', *, *, #2150, .T. ) ;
#2214 = STYLED_ITEM ( 'NONE', ( #2275 ), #1965 ) ;
#2215 = EDGE_CURVE ( 'NONE', #2358, #2867, #498, .T. ) ;
#2216 = EDGE_LOOP ( 'NONE', ( #3174, #1054 ) ) ;
#2217 = AXIS2_PLACEMENT_3D ( 'NONE', #2015, #1742, #2566 ) ;
#2218 = FILL_AREA_STYLE_COLOUR ( '', #1932 ) ;
#2219 = LINE ( 'NONE', #668, #331 ) ;
#2220 =( GEOMETRIC_REPRESENTATION_CONTEXT ( 3 ) GLOBAL_UNCERTAINTY_ASSIGNED_CONTEXT ( ( #156 ) ) GLOBAL_UNIT_ASSIGNED_CONTEXT ( ( #1293, #777, #2076 ) ) REPRESENTATION_CONTEXT ( 'NONE', 'WORKASPACE' ) );
#2221 = FILL_AREA_STYLE ('',( #922 ) ) ;
#2222 = DIRECTION ( 'NONE',  ( 0.000000000000000000, 0.000000000000000000, 1.000000000000000000 ) ) ;
#2223 = DIRECTION ( 'NONE',  ( 0.000000000000000000, 0.000000000000000000, 1.000000000000000000 ) ) ;
#2224 = SURFACE_SIDE_STYLE ('',( #2972 ) ) ;
#2225 = UNCERTAINTY_MEASURE_WITH_UNIT (LENGTH_MEASURE( 1.000000000000000082E-05 ), #2933, 'distance_accuracy_value', 'NONE');
#2226 = FACE_OUTER_BOUND ( 'NONE', #1068, .T. ) ;
#2227 =( LENGTH_UNIT ( ) NAMED_UNIT ( * ) SI_UNIT ( .MILLI., .METRE. ) );
#2228 = PRESENTATION_STYLE_ASSIGNMENT (( #2702 ) ) ;
#2229 =( NAMED_UNIT ( * ) PLANE_ANGLE_UNIT ( ) SI_UNIT ( $, .RADIAN. ) );
#2230 = AXIS2_PLACEMENT_3D ( 'NONE', #851, #1870, #834 ) ;
#2231 = ORIENTED_EDGE ( 'NONE', *, *, #2619, .F. ) ;
#2232 = SURFACE_STYLE_USAGE ( .BOTH. , #1204 ) ;
#2233 = ORIENTED_EDGE ( 'NONE', *, *, #1866, .F. ) ;
#2234 = EDGE_CURVE ( 'NONE', #1900, #3278, #1999, .T. ) ;
#2235 = CARTESIAN_POINT ( 'NONE',  ( -16.74999999999999645, -13.15000000000000213, -3.000000000000000888 ) ) ;
#2236 = ORIENTED_EDGE ( 'NONE', *, *, #801, .T. ) ;
#2237 =( NAMED_UNIT ( * ) PLANE_ANGLE_UNIT ( ) SI_UNIT ( $, .RADIAN. ) );
#2238 =( NAMED_UNIT ( * ) PLANE_ANGLE_UNIT ( ) SI_UNIT ( $, .RADIAN. ) );
#2239 = CARTESIAN_POINT ( 'NONE',  ( 17.11785043614062829, 12.12173155784415535, -3.000000000000000000 ) ) ;
#2240 = FILL_AREA_STYLE ('',( #1709 ) ) ;
#2241 = ORIENTED_EDGE ( 'NONE', *, *, #2210, .T. ) ;
#2242 = CARTESIAN_POINT ( 'NONE',  ( 14.07799999999999940, -3.810000000000000053, 9.369999999999999218 ) ) ;
#2243 = MECHANICAL_DESIGN_GEOMETRIC_PRESENTATION_REPRESENTATION (  '', ( #92 ), #2970 ) ;
#2244 = EDGE_LOOP ( 'NONE', ( #647, #1119 ) ) ;
#2245 = FILL_AREA_STYLE ('',( #2218 ) ) ;
#2246 = AXIS2_PLACEMENT_3D ( 'NONE', #477, #1975, #3040 ) ;
#2247 = CARTESIAN_POINT ( 'NONE',  ( -6.871735530712818729, -5.741736504755279746, 6.339999999999999858 ) ) ;
#2248 = MECHANICAL_DESIGN_GEOMETRIC_PRESENTATION_REPRESENTATION (  '', ( #2700 ), #2143 ) ;
#2249 = FILL_AREA_STYLE ('',( #1438 ) ) ;
#2250 = EDGE_CURVE ( 'NONE', #2410, #13, #2891, .T. ) ;
#2251 = CIRCLE ( 'NONE', #1879, 0.3999999999999993006 ) ;
#2252 = ORIENTED_EDGE ( 'NONE', *, *, #506, .T. ) ;
#2253 =( NAMED_UNIT ( * ) PLANE_ANGLE_UNIT ( ) SI_UNIT ( $, .RADIAN. ) );
#2254 = MECHANICAL_DESIGN_GEOMETRIC_PRESENTATION_REPRESENTATION (  '', ( #352 ), #404 ) ;
#2255 = STYLED_ITEM ( 'NONE', ( #649 ), #264 ) ;
#2256 = ADVANCED_FACE ( 'NONE', ( #1617 ), #1592, .T. ) ;
#2257 = UNCERTAINTY_MEASURE_WITH_UNIT (LENGTH_MEASURE( 1.000000000000000082E-05 ), #2462, 'distance_accuracy_value', 'NONE');
#2258 = PRESENTATION_STYLE_ASSIGNMENT (( #3330 ) ) ;
#2259 = CIRCLE ( 'NONE', #3364, 1.500000000000001332 ) ;
#2260 = ORIENTED_EDGE ( 'NONE', *, *, #3170, .F. ) ;
#2261 = STYLED_ITEM ( 'NONE', ( #2258 ), #1488 ) ;
#2262 = PLANE ( 'NONE',  #1120 ) ;
#2263 = COLOUR_RGB ( '',0.6470588235294117974, 0.5176470588235293491, 0.000000000000000000 ) ;
#2264 = UNCERTAINTY_MEASURE_WITH_UNIT (LENGTH_MEASURE( 1.000000000000000082E-05 ), #2853, 'distance_accuracy_value', 'NONE');
#2265 = ORIENTED_EDGE ( 'NONE', *, *, #3084, .T. ) ;
#2266 = SURFACE_STYLE_USAGE ( .BOTH. , #1239 ) ;
#2267 = COLOUR_RGB ( '',0.5019607843137254832, 0.5019607843137254832, 0.5019607843137254832 ) ;
#2268 = DIRECTION ( 'NONE',  ( -1.000000000000000000, 0.000000000000000000, 0.000000000000000000 ) ) ;
#2269 =( NAMED_UNIT ( * ) SI_UNIT ( $, .STERADIAN. ) SOLID_ANGLE_UNIT ( ) );
#2270 =( NAMED_UNIT ( * ) PLANE_ANGLE_UNIT ( ) SI_UNIT ( $, .RADIAN. ) );
#2271 = PRESENTATION_LAYER_ASSIGNMENT (  '', '', ( #2608 ) ) ;
#2272 = ORIENTED_EDGE ( 'NONE', *, *, #2687, .F. ) ;
#2273 = AXIS2_PLACEMENT_3D ( 'NONE', #1484, #2675, #3032 ) ;
#2274 = ADVANCED_FACE ( 'NONE', ( #1818, #2356 ), #2095, .T. ) ;
#2275 = PRESENTATION_STYLE_ASSIGNMENT (( #975 ) ) ;
#2276 = STYLED_ITEM ( 'NONE', ( #3292 ), #2325 ) ;
#2277 = SURFACE_SIDE_STYLE ('',( #1762 ) ) ;
#2278 = EDGE_CURVE ( 'NONE', #220, #3167, #2376, .T. ) ;
#2279 = AXIS2_PLACEMENT_3D ( 'NONE', #173, #605, #2739 ) ;
#2280 = FACE_BOUND ( 'NONE', #2216, .T. ) ;
#2281 = CARTESIAN_POINT ( 'NONE',  ( 11.25000000000000000, 13.15000000000000213, 5.969999999999999751 ) ) ;
#2282 = ORIENTED_EDGE ( 'NONE', *, *, #1123, .T. ) ;
#2283 = SURFACE_SIDE_STYLE ('',( #983 ) ) ;
#2284 = FACE_OUTER_BOUND ( 'NONE', #505, .T. ) ;
#2285 = AXIS2_PLACEMENT_3D ( 'NONE', #2346, #1538, #22 ) ;
#2286 = ORIENTED_EDGE ( 'NONE', *, *, #3002, .T. ) ;
#2287 = CYLINDRICAL_SURFACE ( 'NONE', #2198, 0.5079999999999997851 ) ;
#2288 = CARTESIAN_POINT ( 'NONE',  ( 13.86200000000000010, 3.810000000000000053, 9.769999999999999574 ) ) ;
#2289 = EDGE_LOOP ( 'NONE', ( #1032, #2396, #1320, #1255 ) ) ;
#2290 = SURFACE_SIDE_STYLE ('',( #2808 ) ) ;
#2291 = UNCERTAINTY_MEASURE_WITH_UNIT (LENGTH_MEASURE( 1.000000000000000082E-05 ), #2303, 'distance_accuracy_value', 'NONE');
#2292 =( NAMED_UNIT ( * ) PLANE_ANGLE_UNIT ( ) SI_UNIT ( $, .RADIAN. ) );
#2293 = FILL_AREA_STYLE ('',( #2792 ) ) ;
#2294 = DIRECTION ( 'NONE',  ( 1.000000000000000000, 0.000000000000000000, 0.000000000000000000 ) ) ;
#2295 = EDGE_CURVE ( 'NONE', #1900, #2653, #928, .T. ) ;
#2296 = ORIENTED_EDGE ( 'NONE', *, *, #299, .F. ) ;
#2297 =( LENGTH_UNIT ( ) NAMED_UNIT ( * ) SI_UNIT ( .MILLI., .METRE. ) );
#2298 = FILL_AREA_STYLE ('',( #246 ) ) ;
#2299 = ORIENTED_EDGE ( 'NONE', *, *, #1019, .F. ) ;
#2300 = PRESENTATION_STYLE_ASSIGNMENT (( #1801 ) ) ;
#2301 = DIRECTION ( 'NONE',  ( -0.000000000000000000, -0.000000000000000000, -1.000000000000000000 ) ) ;
#2302 =( NAMED_UNIT ( * ) PLANE_ANGLE_UNIT ( ) SI_UNIT ( $, .RADIAN. ) );
#2303 =( LENGTH_UNIT ( ) NAMED_UNIT ( * ) SI_UNIT ( .MILLI., .METRE. ) );
#2304 = EDGE_LOOP ( 'NONE', ( #1278, #100, #2123, #91 ) ) ;
#2305 = PRESENTATION_LAYER_ASSIGNMENT (  '', '', ( #2081 ) ) ;
#2306 = AXIS2_PLACEMENT_3D ( 'NONE', #3264, #664, #1713 ) ;
#2307 = CARTESIAN_POINT ( 'NONE',  ( 13.97000000000000064, -3.810000000000000053, 5.969999999999999751 ) ) ;
#2308 = AXIS2_PLACEMENT_3D ( 'NONE', #1082, #1862, #3151 ) ;
#2309 = AXIS2_PLACEMENT_3D ( 'NONE', #2341, #2804, #1533 ) ;
#2310 = DIRECTION ( 'NONE',  ( -0.000000000000000000, -0.000000000000000000, -1.000000000000000000 ) ) ;
#2311 = LINE ( 'NONE', #2555, #348 ) ;
#2312 = STYLED_ITEM ( 'NONE', ( #1088 ), #760 ) ;
#2313 = AXIS2_PLACEMENT_3D ( 'NONE', #2791, #1481, #186 ) ;
#2314 = DIRECTION ( 'NONE',  ( -0.000000000000000000, 0.000000000000000000, 1.000000000000000000 ) ) ;
#2315 = CARTESIAN_POINT ( 'NONE',  ( 14.07799999999999940, 3.810000000000000053, 9.369999999999999218 ) ) ;
#2316 = AXIS2_PLACEMENT_3D ( 'NONE', #1717, #920, #3281 ) ;
#2317 = CARTESIAN_POINT ( 'NONE',  ( 13.97000000000000064, 7.620000000000000107, 9.119999999999999218 ) ) ;
#2318 = ORIENTED_EDGE ( 'NONE', *, *, #724, .F. ) ;
#2319 = CARTESIAN_POINT ( 'NONE',  ( 16.74999999999999645, -13.15000000000000213, -6.349999999999999645 ) ) ;
#2320 =( LENGTH_UNIT ( ) NAMED_UNIT ( * ) SI_UNIT ( .MILLI., .METRE. ) );
#2321 = EDGE_CURVE ( 'NONE', #1697, #1374, #2854, .T. ) ;
#2322 = MECHANICAL_DESIGN_GEOMETRIC_PRESENTATION_REPRESENTATION (  '', ( #356 ), #1734 ) ;
#2323 = EDGE_LOOP ( 'NONE', ( #894, #2196, #1284, #2672 ) ) ;
#2324 = FILL_AREA_STYLE_COLOUR ( '', #2364 ) ;
#2325 = ADVANCED_FACE ( 'NONE', ( #405 ), #56, .T. ) ;
#2326 = ORIENTED_EDGE ( 'NONE', *, *, #440, .F. ) ;
#2327 = MECHANICAL_DESIGN_GEOMETRIC_PRESENTATION_REPRESENTATION (  '', ( #1896 ), #2776 ) ;
#2328 = PRESENTATION_STYLE_ASSIGNMENT (( #3076 ) ) ;
#2329 =( GEOMETRIC_REPRESENTATION_CONTEXT ( 3 ) GLOBAL_UNCERTAINTY_ASSIGNED_CONTEXT ( ( #185 ) ) GLOBAL_UNIT_ASSIGNED_CONTEXT ( ( #2857, #695, #239 ) ) REPRESENTATION_CONTEXT ( 'NONE', 'WORKASPACE' ) );
#2330 = SURFACE_STYLE_USAGE ( .BOTH. , #1091 ) ;
#2331 = MECHANICAL_DESIGN_GEOMETRIC_PRESENTATION_REPRESENTATION (  '', ( #1521 ), #3055 ) ;
#2332 = DIRECTION ( 'NONE',  ( 0.000000000000000000, 0.000000000000000000, 1.000000000000000000 ) ) ;
#2333 = FACE_OUTER_BOUND ( 'NONE', #1815, .T. ) ;
#2334 = SURFACE_STYLE_FILL_AREA ( #1765 ) ;
#2335 = ORIENTED_EDGE ( 'NONE', *, *, #724, .T. ) ;
#2336 = VECTOR ( 'NONE', #3273, 1000.000000000000000 ) ;
#2337 = CARTESIAN_POINT ( 'NONE',  ( -13.97000000000147324, 7.620000000000000107, 9.369999999999999218 ) ) ;
#2338 = APPLICATION_CONTEXT ( 'automotive_design' ) ;
#2339 = VECTOR ( 'NONE', #2373, 1000.000000000000000 ) ;
#2340 = ORIENTED_EDGE ( 'NONE', *, *, #1683, .T. ) ;
#2341 = CARTESIAN_POINT ( 'NONE',  ( -13.97000000000000064, -7.620000000000000107, 9.769999999999999574 ) ) ;
#2342 = VECTOR ( 'NONE', #1226, 1000.000000000000000 ) ;
#2343 = ORIENTED_EDGE ( 'NONE', *, *, #1160, .T. ) ;
#2344 = AXIS2_PLACEMENT_3D ( 'NONE', #2515, #2731, #182 ) ;
#2345 = EDGE_CURVE ( 'NONE', #3205, #3200, #1902, .T. ) ;
#2346 = CARTESIAN_POINT ( 'NONE',  ( 13.85799999999999876, -7.620000000000000107, 9.119999999999999218 ) ) ;
#2347 = FACE_OUTER_BOUND ( 'NONE', #3051, .T. ) ;
#2348 = CARTESIAN_POINT ( 'NONE',  ( 18.25000000000000000, -11.65000000000000036, -3.000000000000000888 ) ) ;
#2349 = VERTEX_POINT ( 'NONE', #963 ) ;
#2350 = DIRECTION ( 'NONE',  ( 0.000000000000000000, -1.000000000000000000, 0.000000000000000000 ) ) ;
#2351 =( NAMED_UNIT ( * ) SI_UNIT ( $, .STERADIAN. ) SOLID_ANGLE_UNIT ( ) );
#2352 = DIRECTION ( 'NONE',  ( 1.224646799147353207E-16, 1.000000000000000000, -0.000000000000000000 ) ) ;
#2353 = CYLINDRICAL_SURFACE ( 'NONE', #10, 1.500000000000001332 ) ;
#2354 = EDGE_LOOP ( 'NONE', ( #3261, #2066, #998, #281 ) ) ;
#2355 = DIRECTION ( 'NONE',  ( -0.000000000000000000, -0.000000000000000000, -1.000000000000000000 ) ) ;
#2356 = FACE_OUTER_BOUND ( 'NONE', #2022, .T. ) ;
#2357 = PRESENTATION_LAYER_ASSIGNMENT (  '', '', ( #2521 ) ) ;
#2358 = VERTEX_POINT ( 'NONE', #662 ) ;
#2359 = CARTESIAN_POINT ( 'NONE',  ( -18.25000000000000000, -11.65000000000000036, -6.349999999999999645 ) ) ;
#2360 = EDGE_CURVE ( 'NONE', #665, #964, #1732, .T. ) ;
#2361 = FILL_AREA_STYLE_COLOUR ( '', #2100 ) ;
#2362 =( GEOMETRIC_REPRESENTATION_CONTEXT ( 3 ) GLOBAL_UNCERTAINTY_ASSIGNED_CONTEXT ( ( #839 ) ) GLOBAL_UNIT_ASSIGNED_CONTEXT ( ( #1540, #2292, #1279 ) ) REPRESENTATION_CONTEXT ( 'NONE', 'WORKASPACE' ) );
#2363 = DIRECTION ( 'NONE',  ( 1.000000000000000000, 0.000000000000000000, 0.000000000000000000 ) ) ;
#2364 = COLOUR_RGB ( '',0.6666666666666666297, 0.6980392156862744724, 0.7686274509803920907 ) ;
#2365 = ADVANCED_FACE ( 'NONE', ( #1182 ), #2951, .T. ) ;
#2366 = FACE_OUTER_BOUND ( 'NONE', #847, .T. ) ;
#2367 = DIRECTION ( 'NONE',  ( -0.000000000000000000, -0.000000000000000000, -1.000000000000000000 ) ) ;
#2368 = UNCERTAINTY_MEASURE_WITH_UNIT (LENGTH_MEASURE( 1.000000000000000082E-05 ), #988, 'distance_accuracy_value', 'NONE');
#2369 = ORIENTED_EDGE ( 'NONE', *, *, #2665, .F. ) ;
#2370 = CARTESIAN_POINT ( 'NONE',  ( -18.25000000000000000, -11.65000000000000036, 5.969999999999999751 ) ) ;
#2371 = CARTESIAN_POINT ( 'NONE',  ( 14.73200000000000109, -7.620000000000000107, 5.969999999999999751 ) ) ;
#2372 = CIRCLE ( 'NONE', #1016, 0.6499999999999995781 ) ;
#2373 = DIRECTION ( 'NONE',  ( -0.000000000000000000, -0.000000000000000000, 1.000000000000000000 ) ) ;
#2374 = ORIENTED_EDGE ( 'NONE', *, *, #1205, .T. ) ;
#2375 = AXIS2_PLACEMENT_3D ( 'NONE', #2023, #456, #1798 ) ;
#2376 = LINE ( 'NONE', #2114, #2444 ) ;
#2377 = ORIENTED_EDGE ( 'NONE', *, *, #3091, .F. ) ;
#2378 = COLOUR_RGB ( '',0.6666666666666666297, 0.6980392156862744724, 0.7686274509803920907 ) ;
#2379 = DIRECTION ( 'NONE',  ( 1.000000000000000000, 0.000000000000000000, 0.000000000000000000 ) ) ;
#2380 =( LENGTH_UNIT ( ) NAMED_UNIT ( * ) SI_UNIT ( .MILLI., .METRE. ) );
#2381 = FACE_OUTER_BOUND ( 'NONE', #2758, .T. ) ;
#2382 = EDGE_CURVE ( 'NONE', #888, #2653, #112, .T. ) ;
#2383 = AXIS2_PLACEMENT_3D ( 'NONE', #1725, #907, #2223 ) ;
#2384 = DIRECTION ( 'NONE',  ( -0.000000000000000000, -0.000000000000000000, -1.000000000000000000 ) ) ;
#2385 = CARTESIAN_POINT ( 'NONE',  ( -16.74999999999999645, -13.15000000000000213, 6.349999999999999645 ) ) ;
#2386 =( GEOMETRIC_REPRESENTATION_CONTEXT ( 3 ) GLOBAL_UNCERTAINTY_ASSIGNED_CONTEXT ( ( #2751 ) ) GLOBAL_UNIT_ASSIGNED_CONTEXT ( ( #1439, #1687, #1384 ) ) REPRESENTATION_CONTEXT ( 'NONE', 'WORKASPACE' ) );
#2387 = ORIENTED_EDGE ( 'NONE', *, *, #942, .F. ) ;
#2388 = EDGE_CURVE ( 'NONE', #3167, #2691, #1985, .T. ) ;
#2389 = DIRECTION ( 'NONE',  ( 1.000000000000000000, 0.000000000000000000, 0.000000000000000000 ) ) ;
#2390 = CARTESIAN_POINT ( 'NONE',  ( -16.74999999999999645, -13.15000000000000213, -3.010000000000000675 ) ) ;
#2391 = CIRCLE ( 'NONE', #1253, 0.1080000000000004567 ) ;
#2392 = VERTEX_POINT ( 'NONE', #80 ) ;
#2393 = CIRCLE ( 'NONE', #986, 1.500000000000001332 ) ;
#2394 = CARTESIAN_POINT ( 'NONE',  ( 13.97000000000000064, -3.810000000000000053, 9.369999999999999218 ) ) ;
#2395 = DIRECTION ( 'NONE',  ( 0.000000000000000000, 0.000000000000000000, -1.000000000000000000 ) ) ;
#2396 = ORIENTED_EDGE ( 'NONE', *, *, #2321, .F. ) ;
#2397 = AXIS2_PLACEMENT_3D ( 'NONE', #1022, #2067, #2856 ) ;
#2398 = FACE_OUTER_BOUND ( 'NONE', #1127, .T. ) ;
#2399 = CARTESIAN_POINT ( 'NONE',  ( -16.74999999999999645, -13.15000000000000213, 6.349999999999999645 ) ) ;
#2400 = FILL_AREA_STYLE ('',( #2919 ) ) ;
#2401 = AXIS2_PLACEMENT_3D ( 'NONE', #2498, #2186, #1936 ) ;
#2402 = FACE_OUTER_BOUND ( 'NONE', #2658, .T. ) ;
#2403 = CYLINDRICAL_SURFACE ( 'NONE', #1517, 1.500000000000001332 ) ;
#2404 = SURFACE_STYLE_FILL_AREA ( #59 ) ;
#2405 = UNCERTAINTY_MEASURE_WITH_UNIT (LENGTH_MEASURE( 1.000000000000000082E-05 ), #1650, 'distance_accuracy_value', 'NONE');
#2406 = ORIENTED_EDGE ( 'NONE', *, *, #2527, .T. ) ;
#2407 = DIRECTION ( 'NONE',  ( -0.000000000000000000, -0.000000000000000000, -1.000000000000000000 ) ) ;
#2408 = DIRECTION ( 'NONE',  ( 0.000000000000000000, 0.000000000000000000, 1.000000000000000000 ) ) ;
#2409 = EDGE_CURVE ( 'NONE', #491, #2798, #177, .T. ) ;
#2410 = VERTEX_POINT ( 'NONE', #3346 ) ;
#2411 = ORIENTED_EDGE ( 'NONE', *, *, #2234, .F. ) ;
#2412 = SURFACE_STYLE_USAGE ( .BOTH. , #585 ) ;
#2413 = DIRECTION ( 'NONE',  ( 0.000000000000000000, 1.000000000000000000, 0.000000000000000000 ) ) ;
#2414 = DIRECTION ( 'NONE',  ( 0.000000000000000000, 0.000000000000000000, 1.000000000000000000 ) ) ;
#2415 = AXIS2_PLACEMENT_3D ( 'NONE', #1858, #389, #2908 ) ;
#2416 = CARTESIAN_POINT ( 'NONE',  ( -13.46200000000147234, 7.620000000000000107, 9.369999999999999218 ) ) ;
#2417 = VERTEX_POINT ( 'NONE', #1269 ) ;
#2418 = VECTOR ( 'NONE', #2759, 1000.000000000000000 ) ;
#2419 = CARTESIAN_POINT ( 'NONE',  ( 13.97000000000000064, -3.810000000000000053, 9.769999999999999574 ) ) ;
#2420 = STYLED_ITEM ( 'NONE', ( #640 ), #653 ) ;
#2421 = ORIENTED_EDGE ( 'NONE', *, *, #848, .F. ) ;
#2422 =( NAMED_UNIT ( * ) PLANE_ANGLE_UNIT ( ) SI_UNIT ( $, .RADIAN. ) );
#2423 = ADVANCED_FACE ( 'NONE', ( #12 ), #3316, .F. ) ;
#2424 = FILL_AREA_STYLE ('',( #563 ) ) ;
#2425 = AXIS2_PLACEMENT_3D ( 'NONE', #1025, #2052, #2000 ) ;
#2426 =( NAMED_UNIT ( * ) SI_UNIT ( $, .STERADIAN. ) SOLID_ANGLE_UNIT ( ) );
#2427 = PRESENTATION_LAYER_ASSIGNMENT (  '', '', ( #517 ) ) ;
#2428 = ORIENTED_EDGE ( 'NONE', *, *, #1620, .F. ) ;
#2429 = EDGE_CURVE ( 'NONE', #643, #953, #1748, .T. ) ;
#2430 = DIRECTION ( 'NONE',  ( -0.000000000000000000, -0.000000000000000000, -1.000000000000000000 ) ) ;
#2431 = PRESENTATION_STYLE_ASSIGNMENT (( #71 ) ) ;
#2432 = COLOUR_RGB ( '',0.6470588235294117974, 0.5176470588235293491, 0.000000000000000000 ) ;
#2433 = VECTOR ( 'NONE', #256, 1000.000000000000000 ) ;
#2434 = FACE_OUTER_BOUND ( 'NONE', #1084, .T. ) ;
#2435 = MECHANICAL_DESIGN_GEOMETRIC_PRESENTATION_REPRESENTATION (  '', ( #1191 ), #2049 ) ;
#2436 = FILL_AREA_STYLE ('',( #2993 ) ) ;
#2437 = UNCERTAINTY_MEASURE_WITH_UNIT (LENGTH_MEASURE( 1.000000000000000082E-05 ), #918, 'distance_accuracy_value', 'NONE');
#2438 = ORIENTED_EDGE ( 'NONE', *, *, #3265, .F. ) ;
#2439 = DIRECTION ( 'NONE',  ( -1.000000000000000000, 0.000000000000000000, 0.000000000000000000 ) ) ;
#2440 =( NAMED_UNIT ( * ) PLANE_ANGLE_UNIT ( ) SI_UNIT ( $, .RADIAN. ) );
#2441 = FILL_AREA_STYLE ('',( #384 ) ) ;
#2442 = PRESENTATION_LAYER_ASSIGNMENT (  '', '', ( #2214 ) ) ;
#2443 = VERTEX_POINT ( 'NONE', #1558 ) ;
#2444 = VECTOR ( 'NONE', #1085, 1000.000000000000000 ) ;
#2445 = VERTEX_POINT ( 'NONE', #2281 ) ;
#2446 = PRESENTATION_LAYER_ASSIGNMENT (  '', '', ( #1466 ) ) ;
#2447 = EDGE_CURVE ( 'NONE', #2634, #3122, #815, .T. ) ;
#2448 = PRESENTATION_LAYER_ASSIGNMENT (  '', '', ( #168 ) ) ;
#2449 = FILL_AREA_STYLE ('',( #693 ) ) ;
#2450 = MECHANICAL_DESIGN_GEOMETRIC_PRESENTATION_REPRESENTATION (  '', ( #2793 ), #1043 ) ;
#2451 = FILL_AREA_STYLE ('',( #2152 ) ) ;
#2452 = LINE ( 'NONE', #2484, #1594 ) ;
#2453 = PRESENTATION_STYLE_ASSIGNMENT (( #3288 ) ) ;
#2454 = CARTESIAN_POINT ( 'NONE',  ( -16.74999999999999645, -13.15000000000000213, -3.010000000000000675 ) ) ;
#2455 = FACE_BOUND ( 'NONE', #131, .T. ) ;
#2456 = VERTEX_POINT ( 'NONE', #3066 ) ;
#2457 = FILL_AREA_STYLE ('',( #1736 ) ) ;
#2458 = ORIENTED_EDGE ( 'NONE', *, *, #1982, .T. ) ;
#2459 = FILL_AREA_STYLE_COLOUR ( '', #452 ) ;
#2460 =( LENGTH_UNIT ( ) NAMED_UNIT ( * ) SI_UNIT ( .MILLI., .METRE. ) );
#2461 = CARTESIAN_POINT ( 'NONE',  ( -13.97000000000000064, 0.000000000000000000, 9.769999999999999574 ) ) ;
#2462 =( LENGTH_UNIT ( ) NAMED_UNIT ( * ) SI_UNIT ( .MILLI., .METRE. ) );
#2463 = EDGE_CURVE ( 'NONE', #271, #1527, #1028, .T. ) ;
#2464 = CARTESIAN_POINT ( 'NONE',  ( -18.25000000000000000, 11.65000000000000036, -3.000000000000000888 ) ) ;
#2465 = DIRECTION ( 'NONE',  ( 0.000000000000000000, 0.000000000000000000, -1.000000000000000000 ) ) ;
#2466 = UNCERTAINTY_MEASURE_WITH_UNIT (LENGTH_MEASURE( 1.000000000000000082E-05 ), #858, 'distance_accuracy_value', 'NONE');
#2467 = DIRECTION ( 'NONE',  ( 0.000000000000000000, 0.000000000000000000, 1.000000000000000000 ) ) ;
#2468 = LINE ( 'NONE', #2454, #793 ) ;
#2469 = EDGE_CURVE ( 'NONE', #411, #3073, #2393, .T. ) ;
#2470 = FACE_BOUND ( 'NONE', #533, .T. ) ;
#2471 = PRESENTATION_STYLE_ASSIGNMENT (( #403 ) ) ;
#2472 = ORIENTED_EDGE ( 'NONE', *, *, #3150, .F. ) ;
#2473 =( LENGTH_UNIT ( ) NAMED_UNIT ( * ) SI_UNIT ( .MILLI., .METRE. ) );
#2474 = FACE_OUTER_BOUND ( 'NONE', #1437, .T. ) ;
#2475 = PRESENTATION_LAYER_ASSIGNMENT (  '', '', ( #2821 ) ) ;
#2476 = ORIENTED_EDGE ( 'NONE', *, *, #1784, .F. ) ;
#2477 = LINE ( 'NONE', #818, #507 ) ;
#2478 =( GEOMETRIC_REPRESENTATION_CONTEXT ( 3 ) GLOBAL_UNCERTAINTY_ASSIGNED_CONTEXT ( ( #322 ) ) GLOBAL_UNIT_ASSIGNED_CONTEXT ( ( #526, #1062, #308 ) ) REPRESENTATION_CONTEXT ( 'NONE', 'WORKASPACE' ) );
#2479 = SURFACE_STYLE_FILL_AREA ( #390 ) ;
#2480 =( NAMED_UNIT ( * ) SI_UNIT ( $, .STERADIAN. ) SOLID_ANGLE_UNIT ( ) );
#2481 = FILL_AREA_STYLE_COLOUR ( '', #925 ) ;
#2482 = FILL_AREA_STYLE ('',( #1416 ) ) ;
#2483 = AXIS2_PLACEMENT_3D ( 'NONE', #2337, #75, #1585 ) ;
#2484 = CARTESIAN_POINT ( 'NONE',  ( -14.47799999999999976, 0.000000000000000000, 9.769999999999999574 ) ) ;
#2485 = VERTEX_POINT ( 'NONE', #2592 ) ;
#2486 = FACE_OUTER_BOUND ( 'NONE', #3340, .T. ) ;
#2487 = COLOUR_RGB ( '',0.5019607843137254832, 0.5019607843137254832, 0.5019607843137254832 ) ;
#2488 = DIRECTION ( 'NONE',  ( 0.000000000000000000, 0.000000000000000000, 1.000000000000000000 ) ) ;
#2489 = DIRECTION ( 'NONE',  ( 1.000000000000000000, 0.000000000000000000, 0.000000000000000000 ) ) ;
#2490 = CIRCLE ( 'NONE', #105, 1.500000000000001332 ) ;
#2491 = ADVANCED_FACE ( 'NONE', ( #259 ), #229, .F. ) ;
#2492 = VERTEX_POINT ( 'NONE', #3211 ) ;
#2493 = STYLED_ITEM ( 'NONE', ( #2696 ), #1949 ) ;
#2494 = ORIENTED_EDGE ( 'NONE', *, *, #1392, .T. ) ;
#2495 = MECHANICAL_DESIGN_GEOMETRIC_PRESENTATION_REPRESENTATION (  '', ( #1744 ), #2386 ) ;
#2496 = CARTESIAN_POINT ( 'NONE',  ( -13.97000000000000064, -7.620000000000000107, 9.769999999999999574 ) ) ;
#2497 = CARTESIAN_POINT ( 'NONE',  ( 13.97000000000000064, -3.810000000000000053, 9.369999999999999218 ) ) ;
#2498 = CARTESIAN_POINT ( 'NONE',  ( -13.97000000000147324, 7.620000000000000107, 5.969999999999999751 ) ) ;
#2499 = COLOUR_RGB ( '',0.6470588235294117974, 0.5176470588235293491, 0.000000000000000000 ) ;
#2500 = VECTOR ( 'NONE', #1490, 1000.000000000000000 ) ;
#2501 = VECTOR ( 'NONE', #306, 1000.000000000000000 ) ;
#2502 = DIRECTION ( 'NONE',  ( 1.000000000000000000, 0.000000000000000000, 0.000000000000000000 ) ) ;
#2503 = CYLINDRICAL_SURFACE ( 'NONE', #1743, 1.500000000000001332 ) ;
#2504 = AXIS2_PLACEMENT_3D ( 'NONE', #2636, #1379, #2655 ) ;
#2505 = CIRCLE ( 'NONE', #593, 0.7620000000000005658 ) ;
#2506 = UNCERTAINTY_MEASURE_WITH_UNIT (LENGTH_MEASURE( 1.000000000000000082E-05 ), #924, 'distance_accuracy_value', 'NONE');
#2507 =( LENGTH_UNIT ( ) NAMED_UNIT ( * ) SI_UNIT ( .MILLI., .METRE. ) );
#2508 = CARTESIAN_POINT ( 'NONE',  ( 13.97000000000000064, -7.620000000000000107, 9.119999999999999218 ) ) ;
#2509 = ORIENTED_EDGE ( 'NONE', *, *, #2215, .T. ) ;
#2510 = CARTESIAN_POINT ( 'NONE',  ( 0.000000000000000000, 0.000000000000000000, -3.010000000000000231 ) ) ;
#2511 = EDGE_CURVE ( 'NONE', #1527, #665, #2153, .T. ) ;
#2512 = ORIENTED_EDGE ( 'NONE', *, *, #3228, .T. ) ;
#2513 =( NAMED_UNIT ( * ) SI_UNIT ( $, .STERADIAN. ) SOLID_ANGLE_UNIT ( ) );
#2514 =( LENGTH_UNIT ( ) NAMED_UNIT ( * ) SI_UNIT ( .MILLI., .METRE. ) );
#2515 = CARTESIAN_POINT ( 'NONE',  ( 16.74999999999999645, -11.65000000000000036, 6.349999999999999645 ) ) ;
#2516 = EDGE_CURVE ( 'NONE', #31, #411, #590, .T. ) ;
#2517 = ORIENTED_EDGE ( 'NONE', *, *, #3310, .T. ) ;
#2518 = FACE_OUTER_BOUND ( 'NONE', #1377, .T. ) ;
#2519 = FACE_OUTER_BOUND ( 'NONE', #1270, .T. ) ;
#2520 = CYLINDRICAL_SURFACE ( 'NONE', #2939, 0.5079999999999997851 ) ;
#2521 = STYLED_ITEM ( 'NONE', ( #3020 ), #1100 ) ;
#2522 = CARTESIAN_POINT ( 'NONE',  ( -18.25000000000000000, -11.65000000000000036, 6.349999999999999645 ) ) ;
#2523 = ORIENTED_EDGE ( 'NONE', *, *, #1055, .F. ) ;
#2524 =( NAMED_UNIT ( * ) PLANE_ANGLE_UNIT ( ) SI_UNIT ( $, .RADIAN. ) );
#2525 = SURFACE_STYLE_USAGE ( .BOTH. , #1486 ) ;
#2526 = ORIENTED_EDGE ( 'NONE', *, *, #2409, .F. ) ;
#2527 = EDGE_CURVE ( 'NONE', #547, #1436, #58, .T. ) ;
#2528 = FILL_AREA_STYLE ('',( #1770 ) ) ;
#2529 = AXIS2_PLACEMENT_3D ( 'NONE', #1291, #2301, #2075 ) ;
#2530 = FACE_BOUND ( 'NONE', #795, .T. ) ;
#2531 = DIRECTION ( 'NONE',  ( -0.000000000000000000, -0.000000000000000000, -1.000000000000000000 ) ) ;
#2532 = EDGE_CURVE ( 'NONE', #524, #2485, #2554, .T. ) ;
#2533 = FACE_OUTER_BOUND ( 'NONE', #2743, .T. ) ;
#2534 = PRESENTATION_LAYER_ASSIGNMENT (  '', '', ( #352 ) ) ;
#2535 = DIRECTION ( 'NONE',  ( 1.000000000000000000, 0.000000000000000000, 0.000000000000000000 ) ) ;
#2536 = UNCERTAINTY_MEASURE_WITH_UNIT (LENGTH_MEASURE( 1.000000000000000082E-05 ), #2629, 'distance_accuracy_value', 'NONE');
#2537 = PRESENTATION_STYLE_ASSIGNMENT (( #448 ) ) ;
#2538 = FILL_AREA_STYLE ('',( #1763 ) ) ;
#2539 = AXIS2_PLACEMENT_3D ( 'NONE', #290, #546, #594 ) ;
#2540 = PRESENTATION_STYLE_ASSIGNMENT (( #1298 ) ) ;
#2541 = SURFACE_SIDE_STYLE ('',( #2334 ) ) ;
#2542 = VERTEX_POINT ( 'NONE', #336 ) ;
#2543 =( GEOMETRIC_REPRESENTATION_CONTEXT ( 3 ) GLOBAL_UNCERTAINTY_ASSIGNED_CONTEXT ( ( #2611 ) ) GLOBAL_UNIT_ASSIGNED_CONTEXT ( ( #3048, #3064, #732 ) ) REPRESENTATION_CONTEXT ( 'NONE', 'WORKASPACE' ) );
#2544 =( LENGTH_UNIT ( ) NAMED_UNIT ( * ) SI_UNIT ( .MILLI., .METRE. ) );
#2545 = LINE ( 'NONE', #706, #913 ) ;
#2546 = CIRCLE ( 'NONE', #153, 0.3999999999999993006 ) ;
#2547 = ORIENTED_EDGE ( 'NONE', *, *, #2728, .F. ) ;
#2548 = STYLED_ITEM ( 'NONE', ( #1056 ), #2024 ) ;
#2549 = FILL_AREA_STYLE_COLOUR ( '', #2053 ) ;
#2550 = EDGE_LOOP ( 'NONE', ( #3018, #2517, #275, #1184 ) ) ;
#2551 = CARTESIAN_POINT ( 'NONE',  ( -14.07799999999999940, 1.322618543079142387E-17, 9.369999999999999218 ) ) ;
#2552 = COLOUR_RGB ( '',0.6666666666666666297, 0.6980392156862744724, 0.7686274509803920907 ) ;
#2553 = EDGE_CURVE ( 'NONE', #1198, #1552, #3325, .T. ) ;
#2554 = CIRCLE ( 'NONE', #1954, 1.000000000000000000 ) ;
#2555 = CARTESIAN_POINT ( 'NONE',  ( 14.47799999999999976, 3.810000000000000053, 9.769999999999999574 ) ) ;
#2556 = DIRECTION ( 'NONE',  ( -0.000000000000000000, -0.000000000000000000, -1.000000000000000000 ) ) ;
#2557 = DIRECTION ( 'NONE',  ( -0.000000000000000000, 0.000000000000000000, 1.000000000000000000 ) ) ;
#2558 = DIRECTION ( 'NONE',  ( 0.000000000000000000, 0.000000000000000000, -1.000000000000000000 ) ) ;
#2559 = VERTEX_POINT ( 'NONE', #1331 ) ;
#2560 = DIRECTION ( 'NONE',  ( 1.000000000000000000, 0.000000000000000000, -0.000000000000000000 ) ) ;
#2561 = FILL_AREA_STYLE ('',( #473 ) ) ;
#2562 = AXIS2_PLACEMENT_3D ( 'NONE', #3090, #269, #2834 ) ;
#2563 = ORIENTED_EDGE ( 'NONE', *, *, #672, .F. ) ;
#2564 = DIRECTION ( 'NONE',  ( 0.000000000000000000, 0.000000000000000000, 1.000000000000000000 ) ) ;
#2565 = CYLINDRICAL_SURFACE ( 'NONE', #2529, 1.500000000000001332 ) ;
#2566 = DIRECTION ( 'NONE',  ( 0.000000000000000000, 0.000000000000000000, -1.000000000000000000 ) ) ;
#2567 = ORIENTED_EDGE ( 'NONE', *, *, #2469, .F. ) ;
#2568 = DIRECTION ( 'NONE',  ( -1.000000000000000000, 0.000000000000000000, 0.000000000000000000 ) ) ;
#2569 = CARTESIAN_POINT ( 'NONE',  ( 14.73200000000000109, 7.620000000000000107, 9.769999999999999574 ) ) ;
#2570 = EDGE_CURVE ( 'NONE', #2048, #169, #1143, .T. ) ;
#2571 = CARTESIAN_POINT ( 'NONE',  ( -17.11785043614063540, -12.12173155784414824, -3.010000000000000231 ) ) ;
#2572 = CARTESIAN_POINT ( 'NONE',  ( 0.000000000000000000, 0.000000000000000000, 5.969999999999999751 ) ) ;
#2573 = DIRECTION ( 'NONE',  ( 1.224646799147353207E-16, 1.000000000000000000, -0.000000000000000000 ) ) ;
#2574 = UNCERTAINTY_MEASURE_WITH_UNIT (LENGTH_MEASURE( 1.000000000000000082E-05 ), #1863, 'distance_accuracy_value', 'NONE');
#2575 = ORIENTED_EDGE ( 'NONE', *, *, #2795, .T. ) ;
#2576 = EDGE_CURVE ( 'NONE', #1404, #31, #1581, .T. ) ;
#2577 = PLANE ( 'NONE',  #146 ) ;
#2578 = PRESENTATION_STYLE_ASSIGNMENT (( #2525 ) ) ;
#2579 = EDGE_LOOP ( 'NONE', ( #149, #1189, #2762, #2723 ) ) ;
#2580 = CARTESIAN_POINT ( 'NONE',  ( -14.47799999999999976, -7.620000000000000107, 9.769999999999999574 ) ) ;
#2581 = CARTESIAN_POINT ( 'NONE',  ( 0.000000000000000000, 0.000000000000000000, -3.000000000000000000 ) ) ;
#2582 = DIRECTION ( 'NONE',  ( -0.000000000000000000, -0.000000000000000000, -1.000000000000000000 ) ) ;
#2583 = ORIENTED_EDGE ( 'NONE', *, *, #2193, .F. ) ;
#2584 = TOROIDAL_SURFACE ( 'NONE', #673, 0.1080000000000001792, 0.4000000000000000222 ) ;
#2585 = SURFACE_STYLE_USAGE ( .BOTH. , #1493 ) ;
#2586 = VECTOR ( 'NONE', #166, 1000.000000000000000 ) ;
#2587 =( NAMED_UNIT ( * ) SI_UNIT ( $, .STERADIAN. ) SOLID_ANGLE_UNIT ( ) );
#2588 = LINE ( 'NONE', #1555, #1714 ) ;
#2589 = CARTESIAN_POINT ( 'NONE',  ( -16.74999999999999645, 13.15000000000000213, 6.349999999999999645 ) ) ;
#2590 = SURFACE_STYLE_USAGE ( .BOTH. , #3065 ) ;
#2591 = AXIS2_PLACEMENT_3D ( 'NONE', #2497, #667, #1700 ) ;
#2592 = CARTESIAN_POINT ( 'NONE',  ( -6.871735530712818729, -5.741736504755279746, 6.339999999999999858 ) ) ;
#2593 = VERTEX_POINT ( 'NONE', #321 ) ;
#2594 = FILL_AREA_STYLE_COLOUR ( '', #398 ) ;
#2595 = SURFACE_STYLE_FILL_AREA ( #2876 ) ;
#2596 = DIRECTION ( 'NONE',  ( -0.000000000000000000, 0.000000000000000000, 1.000000000000000000 ) ) ;
#2597 = EDGE_CURVE ( 'NONE', #2443, #1865, #556, .T. ) ;
#2598 =( GEOMETRIC_REPRESENTATION_CONTEXT ( 3 ) GLOBAL_UNCERTAINTY_ASSIGNED_CONTEXT ( ( #381 ) ) GLOBAL_UNIT_ASSIGNED_CONTEXT ( ( #2320, #1031, #213 ) ) REPRESENTATION_CONTEXT ( 'NONE', 'WORKASPACE' ) );
#2599 = ORIENTED_EDGE ( 'NONE', *, *, #2624, .T. ) ;
#2600 = DIRECTION ( 'NONE',  ( 0.000000000000000000, -0.000000000000000000, 1.000000000000000000 ) ) ;
#2601 = LINE ( 'NONE', #1292, #425 ) ;
#2602 = CIRCLE ( 'NONE', #2715, 0.1080000000000004567 ) ;
#2603 = ORIENTED_EDGE ( 'NONE', *, *, #2147, .T. ) ;
#2604 = CIRCLE ( 'NONE', #1135, 0.1080000000000004567 ) ;
#2605 =( LENGTH_UNIT ( ) NAMED_UNIT ( * ) SI_UNIT ( .MILLI., .METRE. ) );
#2606 = AXIS2_PLACEMENT_3D ( 'NONE', #1539, #3363, #1807 ) ;
#2607 =( LENGTH_UNIT ( ) NAMED_UNIT ( * ) SI_UNIT ( .MILLI., .METRE. ) );
#2608 = STYLED_ITEM ( 'NONE', ( #2746 ), #2080 ) ;
#2609 = SURFACE_STYLE_USAGE ( .BOTH. , #799 ) ;
#2610 = DIRECTION ( 'NONE',  ( 0.000000000000000000, 0.000000000000000000, 1.000000000000000000 ) ) ;
#2611 = UNCERTAINTY_MEASURE_WITH_UNIT (LENGTH_MEASURE( 1.000000000000000082E-05 ), #3048, 'distance_accuracy_value', 'NONE');
#2612 = ORIENTED_EDGE ( 'NONE', *, *, #1076, .F. ) ;
#2613 = SURFACE_STYLE_FILL_AREA ( #2670 ) ;
#2614 = AXIS2_PLACEMENT_3D ( 'NONE', #189, #2646, #2121 ) ;
#2615 = CARTESIAN_POINT ( 'NONE',  ( 0.000000000000000000, 13.15000000000000213, 5.969999999999999751 ) ) ;
#2616 = CARTESIAN_POINT ( 'NONE',  ( 13.46199999999999974, 0.000000000000000000, 9.769999999999999574 ) ) ;
#2617 = PRESENTATION_LAYER_ASSIGNMENT (  '', '', ( #762 ) ) ;
#2618 = ORIENTED_EDGE ( 'NONE', *, *, #65, .F. ) ;
#2619 = EDGE_CURVE ( 'NONE', #3205, #558, #274, .T. ) ;
#2620 =( GEOMETRIC_REPRESENTATION_CONTEXT ( 3 ) GLOBAL_UNCERTAINTY_ASSIGNED_CONTEXT ( ( #697 ) ) GLOBAL_UNIT_ASSIGNED_CONTEXT ( ( #1003, #2050, #2885 ) ) REPRESENTATION_CONTEXT ( 'NONE', 'WORKASPACE' ) );
#2621 = FILL_AREA_STYLE_COLOUR ( '', #870 ) ;
#2622 = ORIENTED_EDGE ( 'NONE', *, *, #564, .T. ) ;
#2623 = CIRCLE ( 'NONE', #2230, 0.3999999999999993006 ) ;
#2624 = EDGE_CURVE ( 'NONE', #314, #558, #2948, .T. ) ;
#2625 = SURFACE_SIDE_STYLE ('',( #1906 ) ) ;
#2626 = DIRECTION ( 'NONE',  ( -1.000000000000000000, 0.000000000000000000, 0.000000000000000000 ) ) ;
#2627 =( NAMED_UNIT ( * ) PLANE_ANGLE_UNIT ( ) SI_UNIT ( $, .RADIAN. ) );
#2628 = SURFACE_STYLE_FILL_AREA ( #1842 ) ;
#2629 =( LENGTH_UNIT ( ) NAMED_UNIT ( * ) SI_UNIT ( .MILLI., .METRE. ) );
#2630 = ORIENTED_EDGE ( 'NONE', *, *, #2748, .T. ) ;
#2631 = CYLINDRICAL_SURFACE ( 'NONE', #960, 0.5079999999999997851 ) ;
#2632 = CARTESIAN_POINT ( 'NONE',  ( 13.97000000000000064, -7.620000000000000107, 9.769999999999999574 ) ) ;
#2633 = DIRECTION ( 'NONE',  ( -0.000000000000000000, -0.000000000000000000, -1.000000000000000000 ) ) ;
#2634 = VERTEX_POINT ( 'NONE', #1859 ) ;
#2635 = DIRECTION ( 'NONE',  ( 0.000000000000000000, 0.000000000000000000, 1.000000000000000000 ) ) ;
#2636 = CARTESIAN_POINT ( 'NONE',  ( 0.000000000000000000, 0.000000000000000000, 0.000000000000000000 ) ) ;
#2637 = DIRECTION ( 'NONE',  ( 1.000000000000000000, 0.000000000000000000, -0.000000000000000000 ) ) ;
#2638 = EDGE_CURVE ( 'NONE', #2847, #1289, #3148, .T. ) ;
#2639 = ORIENTED_EDGE ( 'NONE', *, *, #801, .F. ) ;
#2640 = FACE_OUTER_BOUND ( 'NONE', #1986, .T. ) ;
#2641 = CARTESIAN_POINT ( 'NONE',  ( -7.871735530712825835, -4.741736504755272641, 6.349999999999999645 ) ) ;
#2642 = CARTESIAN_POINT ( 'NONE',  ( 13.97000000000000064, -7.620000000000000107, 9.769999999999999574 ) ) ;
#2643 = ADVANCED_FACE ( 'NONE', ( #1372 ), #875, .T. ) ;
#2644 = CARTESIAN_POINT ( 'NONE',  ( -14.47799999999999976, -7.620000000000000107, 9.369999999999999218 ) ) ;
#2645 = DIRECTION ( 'NONE',  ( 1.000000000000000000, 0.000000000000000000, 0.000000000000000000 ) ) ;
#2646 = DIRECTION ( 'NONE',  ( 1.000000000000000000, -0.000000000000000000, 0.000000000000000000 ) ) ;
#2647 = UNCERTAINTY_MEASURE_WITH_UNIT (LENGTH_MEASURE( 1.000000000000000082E-05 ), #2297, 'distance_accuracy_value', 'NONE');
#2648 = VERTEX_POINT ( 'NONE', #2084 ) ;
#2649 = CARTESIAN_POINT ( 'NONE',  ( 14.47799999999999976, -3.810000000000000053, 9.369999999999999218 ) ) ;
#2650 = FACE_OUTER_BOUND ( 'NONE', #2669, .T. ) ;
#2651 =( GEOMETRIC_REPRESENTATION_CONTEXT ( 3 ) GLOBAL_UNCERTAINTY_ASSIGNED_CONTEXT ( ( #2405 ) ) GLOBAL_UNIT_ASSIGNED_CONTEXT ( ( #1650, #1856, #3175 ) ) REPRESENTATION_CONTEXT ( 'NONE', 'WORKASPACE' ) );
#2652 = SURFACE_STYLE_FILL_AREA ( #827 ) ;
#2653 = VERTEX_POINT ( 'NONE', #1210 ) ;
#2654 = DIRECTION ( 'NONE',  ( -0.000000000000000000, 1.000000000000000000, 0.000000000000000000 ) ) ;
#2655 = DIRECTION ( 'NONE',  ( 1.000000000000000000, 0.000000000000000000, 0.000000000000000000 ) ) ;
#2656 = PRESENTATION_LAYER_ASSIGNMENT (  '', '', ( #1508 ) ) ;
#2657 =( NAMED_UNIT ( * ) SI_UNIT ( $, .STERADIAN. ) SOLID_ANGLE_UNIT ( ) );
#2658 = EDGE_LOOP ( 'NONE', ( #663, #1364, #3139, #21, #3027, #2698, #360, #1332 ) ) ;
#2659 = PRESENTATION_LAYER_ASSIGNMENT (  '', '', ( #47 ) ) ;
#2660 = CARTESIAN_POINT ( 'NONE',  ( -16.74999999999999645, -13.15000000000000213, 6.349999999999999645 ) ) ;
#2661 = CARTESIAN_POINT ( 'NONE',  ( 7.871735530712825835, -4.741736504755272641, 6.339999999999999858 ) ) ;
#2662 = COLOUR_RGB ( '',0.6470588235294117974, 0.5176470588235293491, 0.000000000000000000 ) ;
#2663 = CARTESIAN_POINT ( 'NONE',  ( 16.74999999999999645, 11.65000000000000036, -3.000000000000000888 ) ) ;
#2664 = CIRCLE ( 'NONE', #157, 0.5079999999999997851 ) ;
#2665 = EDGE_CURVE ( 'NONE', #408, #1374, #946, .T. ) ;
#2666 =( NAMED_UNIT ( * ) PLANE_ANGLE_UNIT ( ) SI_UNIT ( $, .RADIAN. ) );
#2667 = DIRECTION ( 'NONE',  ( -1.000000000000000000, -0.000000000000000000, -0.000000000000000000 ) ) ;
#2668 = COLOUR_RGB ( '',0.6470588235294117974, 0.5176470588235293491, 0.000000000000000000 ) ;
#2669 = EDGE_LOOP ( 'NONE', ( #2777, #982, #288, #1850 ) ) ;
#2670 = FILL_AREA_STYLE ('',( #2594 ) ) ;
#2671 = DIRECTION ( 'NONE',  ( -0.000000000000000000, -0.000000000000000000, -1.000000000000000000 ) ) ;
#2672 = ORIENTED_EDGE ( 'NONE', *, *, #720, .F. ) ;
#2673 = CARTESIAN_POINT ( 'NONE',  ( -17.11785043614063540, 12.12173155784415535, -3.010000000000000231 ) ) ;
#2674 = VECTOR ( 'NONE', #126, 1000.000000000000000 ) ;
#2675 = DIRECTION ( 'NONE',  ( -0.000000000000000000, -0.000000000000000000, -1.000000000000000000 ) ) ;
#2676 = VERTEX_POINT ( 'NONE', #139 ) ;
#2677 = COLOUR_RGB ( '',0.6666666666666666297, 0.6980392156862744724, 0.7686274509803920907 ) ;
#2678 = FILL_AREA_STYLE ('',( #601 ) ) ;
#2679 = SURFACE_STYLE_FILL_AREA ( #602 ) ;
#2680 = DIRECTION ( 'NONE',  ( 0.000000000000000000, 0.000000000000000000, -1.000000000000000000 ) ) ;
#2681 =( GEOMETRIC_REPRESENTATION_CONTEXT ( 3 ) GLOBAL_UNCERTAINTY_ASSIGNED_CONTEXT ( ( #2091 ) ) GLOBAL_UNIT_ASSIGNED_CONTEXT ( ( #2693, #534, #2480 ) ) REPRESENTATION_CONTEXT ( 'NONE', 'WORKASPACE' ) );
#2682 =( NAMED_UNIT ( * ) SI_UNIT ( $, .STERADIAN. ) SOLID_ANGLE_UNIT ( ) );
#2683 = ADVANCED_FACE ( 'NONE', ( #413 ), #3256, .T. ) ;
#2684 = ORIENTED_EDGE ( 'NONE', *, *, #1724, .T. ) ;
#2685 = DIRECTION ( 'NONE',  ( -1.000000000000000000, 0.000000000000000000, 0.000000000000000000 ) ) ;
#2686 = LINE ( 'NONE', #2107, #1074 ) ;
#2687 = EDGE_CURVE ( 'NONE', #2445, #2915, #676, .T. ) ;
#2688 = EDGE_LOOP ( 'NONE', ( #967, #110, #2984, #1302 ) ) ;
#2689 =( NAMED_UNIT ( * ) PLANE_ANGLE_UNIT ( ) SI_UNIT ( $, .RADIAN. ) );
#2690 = CARTESIAN_POINT ( 'NONE',  ( 7.871735530712825835, -4.741736504755272641, 6.339999999999999858 ) ) ;
#2691 = VERTEX_POINT ( 'NONE', #927 ) ;
#2692 = DIRECTION ( 'NONE',  ( 0.000000000000000000, 0.000000000000000000, 1.000000000000000000 ) ) ;
#2693 =( LENGTH_UNIT ( ) NAMED_UNIT ( * ) SI_UNIT ( .MILLI., .METRE. ) );
#2694 = CARTESIAN_POINT ( 'NONE',  ( 17.11785043614062829, -12.12173155784414824, -3.010000000000000231 ) ) ;
#2695 = AXIS2_PLACEMENT_3D ( 'NONE', #1840, #1428, #3178 ) ;
#2696 = PRESENTATION_STYLE_ASSIGNMENT (( #412 ) ) ;
#2697 = DIRECTION ( 'NONE',  ( -0.000000000000000000, -0.000000000000000000, 1.000000000000000000 ) ) ;
#2698 = ORIENTED_EDGE ( 'NONE', *, *, #357, .T. ) ;
#2699 = STYLED_ITEM ( 'NONE', ( #2300 ), #345 ) ;
#2700 = STYLED_ITEM ( 'NONE', ( #3321 ), #956 ) ;
#2701 = PRESENTATION_LAYER_ASSIGNMENT (  '', '', ( #1122 ) ) ;
#2702 = SURFACE_STYLE_USAGE ( .BOTH. , #660 ) ;
#2703 = DIRECTION ( 'NONE',  ( 0.000000000000000000, -1.000000000000000000, 0.000000000000000000 ) ) ;
#2704 = STYLED_ITEM ( 'NONE', ( #2864 ), #483 ) ;
#2705 = ORIENTED_EDGE ( 'NONE', *, *, #79, .F. ) ;
#2706 =( NAMED_UNIT ( * ) PLANE_ANGLE_UNIT ( ) SI_UNIT ( $, .RADIAN. ) );
#2707 = AXIS2_PLACEMENT_3D ( 'NONE', #2571, #2824, #1233 ) ;
#2708 = LINE ( 'NONE', #133, #2418 ) ;
#2709 = VECTOR ( 'NONE', #3117, 1000.000000000000000 ) ;
#2710 = EDGE_CURVE ( 'NONE', #542, #2915, #1983, .T. ) ;
#2711 = ORIENTED_EDGE ( 'NONE', *, *, #200, .F. ) ;
#2712 = PRESENTATION_STYLE_ASSIGNMENT (( #1669 ) ) ;
#2713 = CIRCLE ( 'NONE', #1129, 0.1120000000000009877 ) ;
#2714 = SURFACE_STYLE_USAGE ( .BOTH. , #634 ) ;
#2715 = AXIS2_PLACEMENT_3D ( 'NONE', #1434, #1166, #130 ) ;
#2716 = CARTESIAN_POINT ( 'NONE',  ( -14.07800000000147378, 7.620000000000000107, 9.369999999999999218 ) ) ;
#2717 = VECTOR ( 'NONE', #2384, 1000.000000000000000 ) ;
#2718 = CARTESIAN_POINT ( 'NONE',  ( 13.97000000000000064, -7.620000000000000107, 9.119999999999999218 ) ) ;
#2719 = VECTOR ( 'NONE', #2310, 1000.000000000000000 ) ;
#2720 = CARTESIAN_POINT ( 'NONE',  ( 13.46199999999999974, -3.810000000000000053, 9.769999999999999574 ) ) ;
#2721 = SURFACE_STYLE_FILL_AREA ( #2441 ) ;
#2722 = CIRCLE ( 'NONE', #214, 0.7620000000000005658 ) ;
#2723 = ORIENTED_EDGE ( 'NONE', *, *, #2795, .F. ) ;
#2724 = FILL_AREA_STYLE_COLOUR ( '', #845 ) ;
#2725 = VECTOR ( 'NONE', #2846, 1000.000000000000000 ) ;
#2726 = COLOUR_RGB ( '',0.6470588235294117974, 0.5176470588235293491, 0.000000000000000000 ) ;
#2727 = ORIENTED_EDGE ( 'NONE', *, *, #3084, .F. ) ;
#2728 = EDGE_CURVE ( 'NONE', #2648, #2176, #115, .T. ) ;
#2729 = DIRECTION ( 'NONE',  ( 1.000000000000000000, 0.000000000000000000, 0.000000000000000000 ) ) ;
#2730 =( NAMED_UNIT ( * ) SI_UNIT ( $, .STERADIAN. ) SOLID_ANGLE_UNIT ( ) );
#2731 = DIRECTION ( 'NONE',  ( -0.000000000000000000, -0.000000000000000000, -1.000000000000000000 ) ) ;
#2732 = AXIS2_PLACEMENT_3D ( 'NONE', #1144, #2465, #2190 ) ;
#2733 = CARTESIAN_POINT ( 'NONE',  ( 6.871735530712818729, -5.741736504755279746, 6.339999999999999858 ) ) ;
#2734 = STYLED_ITEM ( 'NONE', ( #595 ), #2937 ) ;
#2735 = EDGE_CURVE ( 'NONE', #884, #1649, #817, .T. ) ;
#2736 = PRESENTATION_STYLE_ASSIGNMENT (( #1689 ) ) ;
#2737 = STYLED_ITEM ( 'NONE', ( #2431 ), #3133 ) ;
#2738 = LINE ( 'NONE', #1142, #2996 ) ;
#2739 = DIRECTION ( 'NONE',  ( -1.000000000000000000, 0.000000000000000000, 0.000000000000000000 ) ) ;
#2740 = FILL_AREA_STYLE ('',( #1674 ) ) ;
#2741 = DIRECTION ( 'NONE',  ( 1.000000000000000000, 0.000000000000000000, 0.000000000000000000 ) ) ;
#2742 = CYLINDRICAL_SURFACE ( 'NONE', #2989, 0.5079999999999997851 ) ;
#2743 = EDGE_LOOP ( 'NONE', ( #3319, #2526, #3135, #3 ) ) ;
#2744 = DIRECTION ( 'NONE',  ( 1.000000000000000000, 0.000000000000000000, 0.000000000000000000 ) ) ;
#2745 = ORIENTED_EDGE ( 'NONE', *, *, #2250, .T. ) ;
#2746 = PRESENTATION_STYLE_ASSIGNMENT (( #1400 ) ) ;
#2747 =( LENGTH_UNIT ( ) NAMED_UNIT ( * ) SI_UNIT ( .MILLI., .METRE. ) );
#2748 = EDGE_CURVE ( 'NONE', #2164, #840, #2452, .T. ) ;
#2749 = DIRECTION ( 'NONE',  ( 1.000000000000000000, 0.000000000000000000, 0.000000000000000000 ) ) ;
#2750 = FACE_OUTER_BOUND ( 'NONE', #1469, .T. ) ;
#2751 = UNCERTAINTY_MEASURE_WITH_UNIT (LENGTH_MEASURE( 1.000000000000000082E-05 ), #1439, 'distance_accuracy_value', 'NONE');
#2752 = PLANE ( 'NONE',  #1668 ) ;
#2753 = CYLINDRICAL_SURFACE ( 'NONE', #1445, 0.5079999999999997851 ) ;
#2754 = SURFACE_STYLE_USAGE ( .BOTH. , #1730 ) ;
#2755 = SURFACE_STYLE_USAGE ( .BOTH. , #1200 ) ;
#2756 = FILL_AREA_STYLE_COLOUR ( '', #1746 ) ;
#2757 = VECTOR ( 'NONE', #386, 1000.000000000000000 ) ;
#2758 = EDGE_LOOP ( 'NONE', ( #1151, #1588, #385, #1447 ) ) ;
#2759 = DIRECTION ( 'NONE',  ( -0.000000000000000000, -0.000000000000000000, -1.000000000000000000 ) ) ;
#2760 = PRESENTATION_LAYER_ASSIGNMENT (  '', '', ( #2420 ) ) ;
#2761 = COLOUR_RGB ( '',0.6666666666666666297, 0.6980392156862744724, 0.7686274509803920907 ) ;
#2762 = ORIENTED_EDGE ( 'NONE', *, *, #284, .F. ) ;
#2763 = PRESENTATION_LAYER_ASSIGNMENT (  '', '', ( #2822 ) ) ;
#2764 = CARTESIAN_POINT ( 'NONE',  ( -7.871735530712825835, -4.741736504755279746, 6.339999999999999858 ) ) ;
#2765 = LINE ( 'NONE', #3042, #2059 ) ;
#2766 = CIRCLE ( 'NONE', #3043, 0.5079999999999997851 ) ;
#2767 = SURFACE_STYLE_USAGE ( .BOTH. , #3358 ) ;
#2768 = VERTEX_POINT ( 'NONE', #2175 ) ;
#2769 = SURFACE_STYLE_USAGE ( .BOTH. , #3285 ) ;
#2770 = SURFACE_STYLE_FILL_AREA ( #2451 ) ;
#2771 = DIRECTION ( 'NONE',  ( -1.000000000000000000, -0.000000000000000000, -0.000000000000000000 ) ) ;
#2772 = FACE_OUTER_BOUND ( 'NONE', #3360, .T. ) ;
#2773 = EDGE_CURVE ( 'NONE', #2392, #542, #3224, .T. ) ;
#2774 = STYLED_ITEM ( 'NONE', ( #2471 ), #1586 ) ;
#2775 = DIRECTION ( 'NONE',  ( -0.000000000000000000, -0.000000000000000000, -1.000000000000000000 ) ) ;
#2776 =( GEOMETRIC_REPRESENTATION_CONTEXT ( 3 ) GLOBAL_UNCERTAINTY_ASSIGNED_CONTEXT ( ( #1480 ) ) GLOBAL_UNIT_ASSIGNED_CONTEXT ( ( #1385, #2872, #2135 ) ) REPRESENTATION_CONTEXT ( 'NONE', 'WORKASPACE' ) );
#2777 = ORIENTED_EDGE ( 'NONE', *, *, #1869, .F. ) ;
#2778 = CARTESIAN_POINT ( 'NONE',  ( -11.25000000000000000, 0.000000000000000000, 5.969999999999999751 ) ) ;
#2779 = FILL_AREA_STYLE ('',( #1947 ) ) ;
#2780 = ORIENTED_EDGE ( 'NONE', *, *, #1869, .T. ) ;
#2781 = PRESENTATION_STYLE_ASSIGNMENT (( #689 ) ) ;
#2782 = PRESENTATION_STYLE_ASSIGNMENT (( #615 ) ) ;
#2783 = PRESENTATION_LAYER_ASSIGNMENT (  '', '', ( #2839 ) ) ;
#2784 = CARTESIAN_POINT ( 'NONE',  ( 13.97000000000000064, 3.810000000000000053, 9.769999999999999574 ) ) ;
#2785 = AXIS2_PLACEMENT_3D ( 'NONE', #2461, #2201, #3024 ) ;
#2786 = STYLED_ITEM ( 'NONE', ( #1969 ), #2683 ) ;
#2787 = LINE ( 'NONE', #433, #1137 ) ;
#2788 = COLOUR_RGB ( '',0.6470588235294117974, 0.5176470588235293491, 0.000000000000000000 ) ;
#2789 = SURFACE_STYLE_USAGE ( .BOTH. , #3311 ) ;
#2790 = UNCERTAINTY_MEASURE_WITH_UNIT (LENGTH_MEASURE( 1.000000000000000082E-05 ), #34, 'distance_accuracy_value', 'NONE');
#2791 = CARTESIAN_POINT ( 'NONE',  ( -6.871735530712825835, 4.741736504755279746, 6.339999999999999858 ) ) ;
#2792 = FILL_AREA_STYLE_COLOUR ( '', #3359 ) ;
#2793 = STYLED_ITEM ( 'NONE', ( #2736 ), #3045 ) ;
#2794 = PLANE ( 'NONE',  #3050 ) ;
#2795 = EDGE_CURVE ( 'NONE', #271, #2676, #3237, .T. ) ;
#2796 =( NAMED_UNIT ( * ) SI_UNIT ( $, .STERADIAN. ) SOLID_ANGLE_UNIT ( ) );
#2797 = VECTOR ( 'NONE', #890, 1000.000000000000000 ) ;
#2798 = VERTEX_POINT ( 'NONE', #1956 ) ;
#2799 = FACE_OUTER_BOUND ( 'NONE', #2894, .T. ) ;
#2800 = CARTESIAN_POINT ( 'NONE',  ( -6.871735530712825835, -4.741736504755279746, 6.349999999999999645 ) ) ;
#2801 = EDGE_CURVE ( 'NONE', #48, #2164, #326, .T. ) ;
#2802 = ORIENTED_EDGE ( 'NONE', *, *, #2570, .T. ) ;
#2803 =( LENGTH_UNIT ( ) NAMED_UNIT ( * ) SI_UNIT ( .MILLI., .METRE. ) );
#2804 = DIRECTION ( 'NONE',  ( 0.000000000000000000, 0.000000000000000000, 1.000000000000000000 ) ) ;
#2805 = CARTESIAN_POINT ( 'NONE',  ( -18.25000000000000000, 11.65000000000000036, 6.349999999999999645 ) ) ;
#2806 = DIRECTION ( 'NONE',  ( 0.000000000000000000, 1.000000000000000000, -0.000000000000000000 ) ) ;
#2807 = SURFACE_STYLE_FILL_AREA ( #972 ) ;
#2808 = SURFACE_STYLE_FILL_AREA ( #446 ) ;
#2809 = SURFACE_STYLE_FILL_AREA ( #2538 ) ;
#2810 = DIRECTION ( 'NONE',  ( 1.000000000000000000, 0.000000000000000000, 0.000000000000000000 ) ) ;
#2811 = CARTESIAN_POINT ( 'NONE',  ( 0.000000000000000000, 0.000000000000000000, 5.969999999999999751 ) ) ;
#2812 = ORIENTED_EDGE ( 'NONE', *, *, #242, .F. ) ;
#2813 = LINE ( 'NONE', #3370, #194 ) ;
#2814 = CARTESIAN_POINT ( 'NONE',  ( -17.11785043614063540, 12.12173155784415535, -3.010000000000000231 ) ) ;
#2815 = VERTEX_POINT ( 'NONE', #1177 ) ;
#2816 = EDGE_CURVE ( 'NONE', #1706, #2847, #2505, .T. ) ;
#2817 =( GEOMETRIC_REPRESENTATION_CONTEXT ( 3 ) GLOBAL_UNCERTAINTY_ASSIGNED_CONTEXT ( ( #909 ) ) GLOBAL_UNIT_ASSIGNED_CONTEXT ( ( #898, #2706, #1425 ) ) REPRESENTATION_CONTEXT ( 'NONE', 'WORKASPACE' ) );
#2818 =( NAMED_UNIT ( * ) SI_UNIT ( $, .STERADIAN. ) SOLID_ANGLE_UNIT ( ) );
#2819 = STYLED_ITEM ( 'NONE', ( #3376 ), #978 ) ;
#2820 = DIRECTION ( 'NONE',  ( 0.000000000000000000, 0.000000000000000000, 1.000000000000000000 ) ) ;
#2821 = STYLED_ITEM ( 'NONE', ( #3104 ), #462 ) ;
#2822 = STYLED_ITEM ( 'NONE', ( #679 ), #707 ) ;
#2823 = FILL_AREA_STYLE_COLOUR ( '', #3374 ) ;
#2824 = DIRECTION ( 'NONE',  ( 0.000000000000000000, -1.000000000000000000, 0.000000000000000000 ) ) ;
#2825 = TOROIDAL_SURFACE ( 'NONE', #2375, 0.1080000000000001792, 0.4000000000000000222 ) ;
#2826 = DIRECTION ( 'NONE',  ( 1.000000000000000000, 0.000000000000000000, 0.000000000000000000 ) ) ;
#2827 =( NAMED_UNIT ( * ) SI_UNIT ( $, .STERADIAN. ) SOLID_ANGLE_UNIT ( ) );
#2828 = ORIENTED_EDGE ( 'NONE', *, *, #2110, .F. ) ;
#2829 = AXIS2_PLACEMENT_3D ( 'NONE', #2419, #2488, #608 ) ;
#2830 = SURFACE_SIDE_STYLE ('',( #965 ) ) ;
#2831 = VERTEX_POINT ( 'NONE', #1705 ) ;
#2832 = CARTESIAN_POINT ( 'NONE',  ( -18.25000000000000000, 11.65000000000000036, 6.349999999999999645 ) ) ;
#2833 = CARTESIAN_POINT ( 'NONE',  ( 18.25000000000000000, 11.65000000000000036, -6.349999999999999645 ) ) ;
#2834 = DIRECTION ( 'NONE',  ( 1.000000000000000000, 0.000000000000000000, -0.000000000000000000 ) ) ;
#2835 = SURFACE_STYLE_FILL_AREA ( #3044 ) ;
#2836 = PRESENTATION_LAYER_ASSIGNMENT (  '', '', ( #1744 ) ) ;
#2837 = ADVANCED_FACE ( 'NONE', ( #2750 ), #819, .T. ) ;
#2838 = ORIENTED_EDGE ( 'NONE', *, *, #2104, .F. ) ;
#2839 = STYLED_ITEM ( 'NONE', ( #332 ), #2365 ) ;
#2840 = CYLINDRICAL_SURFACE ( 'NONE', #1358, 1.500000000000001332 ) ;
#2841 = EDGE_CURVE ( 'NONE', #2815, #408, #396, .T. ) ;
#2842 = VECTOR ( 'NONE', #3180, 1000.000000000000000 ) ;
#2843 = CARTESIAN_POINT ( 'NONE',  ( -16.74999999999999645, -11.65000000000000036, -6.349999999999999645 ) ) ;
#2844 = DIRECTION ( 'NONE',  ( 1.000000000000000000, 0.000000000000000000, 0.000000000000000000 ) ) ;
#2845 = SURFACE_STYLE_FILL_AREA ( #437 ) ;
#2846 = DIRECTION ( 'NONE',  ( -0.000000000000000000, -0.000000000000000000, -1.000000000000000000 ) ) ;
#2847 = VERTEX_POINT ( 'NONE', #2928 ) ;
#2848 = AXIS2_PLACEMENT_3D ( 'NONE', #2716, #654, #171 ) ;
#2849 = SURFACE_STYLE_FILL_AREA ( #2561 ) ;
#2850 = ORIENTED_EDGE ( 'NONE', *, *, #163, .T. ) ;
#2851 = CARTESIAN_POINT ( 'NONE',  ( -16.74999999999999645, 13.15000000000000213, -6.349999999999999645 ) ) ;
#2852 = CARTESIAN_POINT ( 'NONE',  ( -16.74999999999999645, 13.15000000000000213, -3.000000000000000888 ) ) ;
#2853 =( LENGTH_UNIT ( ) NAMED_UNIT ( * ) SI_UNIT ( .MILLI., .METRE. ) );
#2854 = LINE ( 'NONE', #702, #1953 ) ;
#2855 = ORIENTED_EDGE ( 'NONE', *, *, #2873, .T. ) ;
#2856 = DIRECTION ( 'NONE',  ( 0.000000000000000000, 0.000000000000000000, -1.000000000000000000 ) ) ;
#2857 =( LENGTH_UNIT ( ) NAMED_UNIT ( * ) SI_UNIT ( .MILLI., .METRE. ) );
#2858 = FILL_AREA_STYLE_COLOUR ( '', #2195 ) ;
#2859 = EDGE_CURVE ( 'NONE', #2456, #314, #1099, .T. ) ;
#2860 = CARTESIAN_POINT ( 'NONE',  ( -11.25000000000000000, 13.15000000000000213, 6.349999999999999645 ) ) ;
#2861 = FILL_AREA_STYLE ('',( #3101 ) ) ;
#2862 = UNCERTAINTY_MEASURE_WITH_UNIT (LENGTH_MEASURE( 1.000000000000000082E-05 ), #2473, 'distance_accuracy_value', 'NONE');
#2863 = ORIENTED_EDGE ( 'NONE', *, *, #895, .F. ) ;
#2864 = PRESENTATION_STYLE_ASSIGNMENT (( #1584 ) ) ;
#2865 = ORIENTED_EDGE ( 'NONE', *, *, #1910, .T. ) ;
#2866 = SURFACE_SIDE_STYLE ('',( #1322 ) ) ;
#2867 = VERTEX_POINT ( 'NONE', #1065 ) ;
#2868 = COLOUR_RGB ( '',0.5019607843137254832, 0.5019607843137254832, 0.5019607843137254832 ) ;
#2869 = FACE_OUTER_BOUND ( 'NONE', #516, .T. ) ;
#2870 = CIRCLE ( 'NONE', #1882, 0.7620000000000005658 ) ;
#2871 = VECTOR ( 'NONE', #836, 1000.000000000000000 ) ;
#2872 =( NAMED_UNIT ( * ) PLANE_ANGLE_UNIT ( ) SI_UNIT ( $, .RADIAN. ) );
#2873 = EDGE_CURVE ( 'NONE', #2867, #3246, #1602, .T. ) ;
#2874 = ORIENTED_EDGE ( 'NONE', *, *, #1620, .T. ) ;
#2875 = DIRECTION ( 'NONE',  ( -1.000000000000000000, 0.000000000000000000, 0.000000000000000000 ) ) ;
#2876 = FILL_AREA_STYLE ('',( #363 ) ) ;
#2877 = DIRECTION ( 'NONE',  ( 0.000000000000000000, 0.000000000000000000, 1.000000000000000000 ) ) ;
#2878 = DIRECTION ( 'NONE',  ( 1.000000000000000000, 0.000000000000000000, 0.000000000000000000 ) ) ;
#2879 = COLOUR_RGB ( '',0.6470588235294117974, 0.5176470588235293491, 0.000000000000000000 ) ;
#2880 = EDGE_CURVE ( 'NONE', #2071, #314, #843, .T. ) ;
#2881 = ORIENTED_EDGE ( 'NONE', *, *, #2687, .T. ) ;
#2882 =( NAMED_UNIT ( * ) PLANE_ANGLE_UNIT ( ) SI_UNIT ( $, .RADIAN. ) );
#2883 = DIRECTION ( 'NONE',  ( 1.000000000000000000, 0.000000000000000000, 0.000000000000000000 ) ) ;
#2884 = ORIENTED_EDGE ( 'NONE', *, *, #2278, .F. ) ;
#2885 =( NAMED_UNIT ( * ) SI_UNIT ( $, .STERADIAN. ) SOLID_ANGLE_UNIT ( ) );
#2886 = PRESENTATION_LAYER_ASSIGNMENT (  '', '', ( #1029 ) ) ;
#2887 = DIRECTION ( 'NONE',  ( 0.000000000000000000, 0.000000000000000000, 1.000000000000000000 ) ) ;
#2888 = DIRECTION ( 'NONE',  ( 0.000000000000000000, 0.000000000000000000, 1.000000000000000000 ) ) ;
#2889 =( GEOMETRIC_REPRESENTATION_CONTEXT ( 3 ) GLOBAL_UNCERTAINTY_ASSIGNED_CONTEXT ( ( #2257 ) ) GLOBAL_UNIT_ASSIGNED_CONTEXT ( ( #2462, #137, #891 ) ) REPRESENTATION_CONTEXT ( 'NONE', 'WORKASPACE' ) );
#2890 = SURFACE_STYLE_USAGE ( .BOTH. , #837 ) ;
#2891 = CIRCLE ( 'NONE', #2056, 0.1120000000000009877 ) ;
#2892 = DIRECTION ( 'NONE',  ( 0.000000000000000000, 0.000000000000000000, 1.000000000000000000 ) ) ;
#2893 = UNCERTAINTY_MEASURE_WITH_UNIT (LENGTH_MEASURE( 1.000000000000000082E-05 ), #55, 'distance_accuracy_value', 'NONE');
#2894 = EDGE_LOOP ( 'NONE', ( #1080, #441, #1390, #1618 ) ) ;
#2895 = DIRECTION ( 'NONE',  ( -0.000000000000000000, -0.000000000000000000, -1.000000000000000000 ) ) ;
#2896 = AXIS2_PLACEMENT_3D ( 'NONE', #1599, #286, #3197 ) ;
#2897 = DIRECTION ( 'NONE',  ( 0.000000000000000000, 0.000000000000000000, 1.000000000000000000 ) ) ;
#2898 = EDGE_CURVE ( 'NONE', #761, #164, #561, .T. ) ;
#2899 =( LENGTH_UNIT ( ) NAMED_UNIT ( * ) SI_UNIT ( .MILLI., .METRE. ) );
#2900 = ORIENTED_EDGE ( 'NONE', *, *, #3345, .T. ) ;
#2901 = DIRECTION ( 'NONE',  ( -0.000000000000000000, -0.000000000000000000, -1.000000000000000000 ) ) ;
#2902 = APPLICATION_PROTOCOL_DEFINITION ( 'draft international standard', 'automotive_design', 1998, #2338 ) ;
#2903 = CIRCLE ( 'NONE', #1423, 0.5079999999999997851 ) ;
#2904 = ADVANCED_FACE ( 'NONE', ( #3204 ), #2353, .T. ) ;
#2905 = CARTESIAN_POINT ( 'NONE',  ( 16.74999999999999645, -13.15000000000000213, 6.349999999999999645 ) ) ;
#2906 = ORIENTED_EDGE ( 'NONE', *, *, #2150, .F. ) ;
#2907 = DIRECTION ( 'NONE',  ( 0.000000000000000000, 0.000000000000000000, -1.000000000000000000 ) ) ;
#2908 = DIRECTION ( 'NONE',  ( 1.000000000000000000, 0.000000000000000000, 0.000000000000000000 ) ) ;
#2909 = FILL_AREA_STYLE_COLOUR ( '', #2726 ) ;
#2910 = ORIENTED_EDGE ( 'NONE', *, *, #1038, .T. ) ;
#2911 = SURFACE_SIDE_STYLE ('',( #1878 ) ) ;
#2912 = ORIENTED_EDGE ( 'NONE', *, *, #551, .F. ) ;
#2913 =( NAMED_UNIT ( * ) SI_UNIT ( $, .STERADIAN. ) SOLID_ANGLE_UNIT ( ) );
#2914 = FILL_AREA_STYLE ('',( #2621 ) ) ;
#2915 = VERTEX_POINT ( 'NONE', #1864 ) ;
#2916 = EDGE_CURVE ( 'NONE', #1096, #341, #1113, .T. ) ;
#2917 =( NAMED_UNIT ( * ) PLANE_ANGLE_UNIT ( ) SI_UNIT ( $, .RADIAN. ) );
#2918 = FILL_AREA_STYLE ('',( #1595 ) ) ;
#2919 = FILL_AREA_STYLE_COLOUR ( '', #587 ) ;
#2920 = TOROIDAL_SURFACE ( 'NONE', #2246, 0.1080000000000000820, 0.4000000000000000222 ) ;
#2921 = CARTESIAN_POINT ( 'NONE',  ( 17.11785043614062829, -12.12173155784414824, -3.010000000000000231 ) ) ;
#2922 = MECHANICAL_DESIGN_GEOMETRIC_PRESENTATION_REPRESENTATION (  '', ( #1933 ), #1977 ) ;
#2923 =( LENGTH_UNIT ( ) NAMED_UNIT ( * ) SI_UNIT ( .MILLI., .METRE. ) );
#2924 = DIRECTION ( 'NONE',  ( -1.000000000000000000, 0.000000000000000000, 0.000000000000000000 ) ) ;
#2925 = ORIENTED_EDGE ( 'NONE', *, *, #1567, .F. ) ;
#2926 = DIRECTION ( 'NONE',  ( -1.000000000000000000, 0.000000000000000000, 0.000000000000000000 ) ) ;
#2927 = TOROIDAL_SURFACE ( 'NONE', #1290, 0.1080000000000000820, 0.4000000000000000222 ) ;
#2928 = CARTESIAN_POINT ( 'NONE',  ( 14.73200000000000109, -7.620000000000000107, 9.119999999999999218 ) ) ;
#2929 = UNCERTAINTY_MEASURE_WITH_UNIT (LENGTH_MEASURE( 1.000000000000000082E-05 ), #2380, 'distance_accuracy_value', 'NONE');
#2930 = ORIENTED_EDGE ( 'NONE', *, *, #2735, .F. ) ;
#2931 = PRESENTATION_STYLE_ASSIGNMENT (( #1102 ) ) ;
#2932 = PRESENTATION_LAYER_ASSIGNMENT (  '', '', ( #356 ) ) ;
#2933 =( LENGTH_UNIT ( ) NAMED_UNIT ( * ) SI_UNIT ( .MILLI., .METRE. ) );
#2934 = VERTEX_POINT ( 'NONE', #3154 ) ;
#2935 = MECHANICAL_DESIGN_GEOMETRIC_PRESENTATION_REPRESENTATION (  '', ( #2261 ), #1350 ) ;
#2936 = LINE ( 'NONE', #1857, #2118 ) ;
#2937 = ADVANCED_FACE ( 'NONE', ( #76 ), #1063, .T. ) ;
#2938 = DIRECTION ( 'NONE',  ( 1.000000000000000000, 0.000000000000000000, -0.000000000000000000 ) ) ;
#2939 = AXIS2_PLACEMENT_3D ( 'NONE', #700, #3080, #1749 ) ;
#2940 = COLOUR_RGB ( '',0.5019607843137254832, 0.5019607843137254832, 0.5019607843137254832 ) ;
#2941 = ADVANCED_FACE ( 'NONE', ( #335 ), #2073, .T. ) ;
#2942 = CARTESIAN_POINT ( 'NONE',  ( -16.74999999999999645, 13.15000000000000213, -3.010000000000000675 ) ) ;
#2943 = ORIENTED_EDGE ( 'NONE', *, *, #2147, .F. ) ;
#2944 = SURFACE_SIDE_STYLE ('',( #1898 ) ) ;
#2945 =( GEOMETRIC_REPRESENTATION_CONTEXT ( 3 ) GLOBAL_UNCERTAINTY_ASSIGNED_CONTEXT ( ( #2225 ) ) GLOBAL_UNIT_ASSIGNED_CONTEXT ( ( #2933, #3049, #2796 ) ) REPRESENTATION_CONTEXT ( 'NONE', 'WORKASPACE' ) );
#2946 = SURFACE_STYLE_USAGE ( .BOTH. , #1899 ) ;
#2947 = ORIENTED_EDGE ( 'NONE', *, *, #1373, .T. ) ;
#2948 = CIRCLE ( 'NONE', #1417, 1.000000000000000000 ) ;
#2949 =( NAMED_UNIT ( * ) SI_UNIT ( $, .STERADIAN. ) SOLID_ANGLE_UNIT ( ) );
#2950 = VECTOR ( 'NONE', #1587, 1000.000000000000000 ) ;
#2951 = CYLINDRICAL_SURFACE ( 'NONE', #2273, 0.7620000000000005658 ) ;
#2952 = ORIENTED_EDGE ( 'NONE', *, *, #3207, .F. ) ;
#2953 = PRESENTATION_STYLE_ASSIGNMENT (( #53 ) ) ;
#2954 = LINE ( 'NONE', #2359, #2797 ) ;
#2955 = FACE_OUTER_BOUND ( 'NONE', #669, .T. ) ;
#2956 = TOROIDAL_SURFACE ( 'NONE', #874, 0.1080000000000000820, 0.4000000000000000222 ) ;
#2957 = SURFACE_SIDE_STYLE ('',( #2595 ) ) ;
#2958 = DIRECTION ( 'NONE',  ( -0.000000000000000000, -0.000000000000000000, -1.000000000000000000 ) ) ;
#2959 = CARTESIAN_POINT ( 'NONE',  ( -17.11785043614063540, -12.12173155784414824, -3.010000000000000231 ) ) ;
#2960 = EDGE_LOOP ( 'NONE', ( #1049, #2241 ) ) ;
#2961 = ADVANCED_FACE ( 'NONE', ( #2434 ), #29, .T. ) ;
#2962 = SURFACE_SIDE_STYLE ('',( #1656 ) ) ;
#2963 = DIRECTION ( 'NONE',  ( 0.000000000000000000, 1.000000000000000000, 0.000000000000000000 ) ) ;
#2964 = VERTEX_POINT ( 'NONE', #277 ) ;
#2965 = DIRECTION ( 'NONE',  ( -0.000000000000000000, -0.000000000000000000, -1.000000000000000000 ) ) ;
#2966 = ORIENTED_EDGE ( 'NONE', *, *, #2624, .F. ) ;
#2967 = SURFACE_SIDE_STYLE ('',( #889 ) ) ;
#2968 = PLANE ( 'NONE',  #2562 ) ;
#2969 = DIRECTION ( 'NONE',  ( 1.000000000000000000, 0.000000000000000000, 0.000000000000000000 ) ) ;
#2970 =( GEOMETRIC_REPRESENTATION_CONTEXT ( 3 ) GLOBAL_UNCERTAINTY_ASSIGNED_CONTEXT ( ( #2154 ) ) GLOBAL_UNIT_ASSIGNED_CONTEXT ( ( #3097, #3132, #3061 ) ) REPRESENTATION_CONTEXT ( 'NONE', 'WORKASPACE' ) );
#2971 = COLOUR_RGB ( '',0.6470588235294117974, 0.5176470588235293491, 0.000000000000000000 ) ;
#2972 = SURFACE_STYLE_FILL_AREA ( #2436 ) ;
#2973 = FILL_AREA_STYLE_COLOUR ( '', #1232 ) ;
#2974 = MECHANICAL_DESIGN_GEOMETRIC_PRESENTATION_REPRESENTATION (  '', ( #3240 ), #787 ) ;
#2975 = AXIS2_PLACEMENT_3D ( 'NONE', #2673, #2654, #98 ) ;
#2976 = DIRECTION ( 'NONE',  ( -0.000000000000000000, -0.000000000000000000, -1.000000000000000000 ) ) ;
#2977 = CARTESIAN_POINT ( 'NONE',  ( 13.97000000000000064, 3.810000000000000053, 9.769999999999999574 ) ) ;
#2978 = EDGE_CURVE ( 'NONE', #643, #1110, #1855, .T. ) ;
#2979 = CIRCLE ( 'NONE', #790, 1.500000000000001332 ) ;
#2980 = ORIENTED_EDGE ( 'NONE', *, *, #2553, .F. ) ;
#2981 = PLANE ( 'NONE',  #678 ) ;
#2982 = COLOUR_RGB ( '',0.6666666666666666297, 0.6980392156862744724, 0.7686274509803920907 ) ;
#2983 = ADVANCED_FACE ( 'NONE', ( #619 ), #1597, .T. ) ;
#2984 = ORIENTED_EDGE ( 'NONE', *, *, #720, .T. ) ;
#2985 =( NAMED_UNIT ( * ) SI_UNIT ( $, .STERADIAN. ) SOLID_ANGLE_UNIT ( ) );
#2986 = CARTESIAN_POINT ( 'NONE',  ( -14.47799999999999976, 0.000000000000000000, 5.969999999999999751 ) ) ;
#2987 =( LENGTH_UNIT ( ) NAMED_UNIT ( * ) SI_UNIT ( .MILLI., .METRE. ) );
#2988 = CIRCLE ( 'NONE', #202, 1.000000000000000000 ) ;
#2989 = AXIS2_PLACEMENT_3D ( 'NONE', #370, #2976, #681 ) ;
#2990 = SURFACE_STYLE_FILL_AREA ( #2449 ) ;
#2991 = CIRCLE ( 'NONE', #468, 0.5079999999999997851 ) ;
#2992 = CARTESIAN_POINT ( 'NONE',  ( 13.46199999999999974, 3.810000000000000053, 9.769999999999999574 ) ) ;
#2993 = FILL_AREA_STYLE_COLOUR ( '', #1529 ) ;
#2994 = UNCERTAINTY_MEASURE_WITH_UNIT (LENGTH_MEASURE( 1.000000000000000082E-05 ), #1005, 'distance_accuracy_value', 'NONE');
#2995 =( NAMED_UNIT ( * ) SI_UNIT ( $, .STERADIAN. ) SOLID_ANGLE_UNIT ( ) );
#2996 = VECTOR ( 'NONE', #1911, 1000.000000000000000 ) ;
#2997 = DIRECTION ( 'NONE',  ( -0.000000000000000000, -0.000000000000000000, 1.000000000000000000 ) ) ;
#2998 =( NAMED_UNIT ( * ) SI_UNIT ( $, .STERADIAN. ) SOLID_ANGLE_UNIT ( ) );
#2999 = VECTOR ( 'NONE', #2806, 1000.000000000000000 ) ;
#3000 = ORIENTED_EDGE ( 'NONE', *, *, #2773, .F. ) ;
#3001 = DIRECTION ( 'NONE',  ( 1.000000000000000000, 0.000000000000000000, 0.000000000000000000 ) ) ;
#3002 = EDGE_CURVE ( 'NONE', #3278, #888, #1534, .T. ) ;
#3003 =( LENGTH_UNIT ( ) NAMED_UNIT ( * ) SI_UNIT ( .MILLI., .METRE. ) );
#3004 = MECHANICAL_DESIGN_GEOMETRIC_PRESENTATION_REPRESENTATION (  '', ( #1466 ), #426 ) ;
#3005 = ORIENTED_EDGE ( 'NONE', *, *, #2898, .F. ) ;
#3006 = CARTESIAN_POINT ( 'NONE',  ( 0.000000000000000000, -13.15000000000000213, 5.969999999999999751 ) ) ;
#3007 = ADVANCED_FACE ( 'NONE', ( #671 ), #431, .F. ) ;
#3008 = FILL_AREA_STYLE_COLOUR ( '', #1823 ) ;
#3009 = FILL_AREA_STYLE_COLOUR ( '', #2177 ) ;
#3010 = PRESENTATION_STYLE_ASSIGNMENT (( #2769 ) ) ;
#3011 = CIRCLE ( 'NONE', #2401, 0.5079999999999997851 ) ;
#3012 = DIRECTION ( 'NONE',  ( -0.000000000000000000, 1.000000000000000000, 0.000000000000000000 ) ) ;
#3013 = DIRECTION ( 'NONE',  ( -0.000000000000000000, -0.000000000000000000, -1.000000000000000000 ) ) ;
#3014 =( NAMED_UNIT ( * ) PLANE_ANGLE_UNIT ( ) SI_UNIT ( $, .RADIAN. ) );
#3015 = SURFACE_SIDE_STYLE ('',( #1958 ) ) ;
#3016 = SURFACE_STYLE_FILL_AREA ( #1181 ) ;
#3017 = DIRECTION ( 'NONE',  ( 0.000000000000000000, 1.000000000000000000, 0.000000000000000000 ) ) ;
#3018 = ORIENTED_EDGE ( 'NONE', *, *, #2008, .F. ) ;
#3019 = PRESENTATION_STYLE_ASSIGNMENT (( #342 ) ) ;
#3020 = PRESENTATION_STYLE_ASSIGNMENT (( #3232 ) ) ;
#3021 = ORIENTED_EDGE ( 'NONE', *, *, #1590, .F. ) ;
#3022 = DIRECTION ( 'NONE',  ( -0.000000000000000000, -0.000000000000000000, -1.000000000000000000 ) ) ;
#3023 = PLANE ( 'NONE',  #2316 ) ;
#3024 = DIRECTION ( 'NONE',  ( 1.000000000000000000, 0.000000000000000000, 0.000000000000000000 ) ) ;
#3025 = DIRECTION ( 'NONE',  ( 0.000000000000000000, 0.000000000000000000, 1.000000000000000000 ) ) ;
#3026 = EDGE_CURVE ( 'NONE', #2634, #2492, #1759, .T. ) ;
#3027 = ORIENTED_EDGE ( 'NONE', *, *, #24, .T. ) ;
#3028 = CARTESIAN_POINT ( 'NONE',  ( -13.97000000000000064, -7.620000000000000107, 9.369999999999999218 ) ) ;
#3029 = UNCERTAINTY_MEASURE_WITH_UNIT (LENGTH_MEASURE( 1.000000000000000082E-05 ), #2899, 'distance_accuracy_value', 'NONE');
#3030 =( NAMED_UNIT ( * ) SI_UNIT ( $, .STERADIAN. ) SOLID_ANGLE_UNIT ( ) );
#3031 = CARTESIAN_POINT ( 'NONE',  ( 14.08200000000000074, 7.620000000000000107, 9.119999999999999218 ) ) ;
#3032 = DIRECTION ( 'NONE',  ( -1.000000000000000000, 0.000000000000000000, 0.000000000000000000 ) ) ;
#3033 = STYLED_ITEM ( 'NONE', ( #2184 ), #270 ) ;
#3034 = EDGE_LOOP ( 'NONE', ( #1548, #2062, #1733, #118 ) ) ;
#3035 = FILL_AREA_STYLE ('',( #1972 ) ) ;
#3036 =( NAMED_UNIT ( * ) PLANE_ANGLE_UNIT ( ) SI_UNIT ( $, .RADIAN. ) );
#3037 = VECTOR ( 'NONE', #2407, 1000.000000000000000 ) ;
#3038 = MECHANICAL_DESIGN_GEOMETRIC_PRESENTATION_REPRESENTATION (  '', ( #852 ), #794 ) ;
#3039 = ORIENTED_EDGE ( 'NONE', *, *, #2065, .T. ) ;
#3040 = DIRECTION ( 'NONE',  ( 1.000000000000000000, 0.000000000000000000, 0.000000000000000000 ) ) ;
#3041 = SURFACE_STYLE_FILL_AREA ( #651 ) ;
#3042 = CARTESIAN_POINT ( 'NONE',  ( -18.25000000000000000, -11.65000000000000036, -3.010000000000000675 ) ) ;
#3043 = AXIS2_PLACEMENT_3D ( 'NONE', #1072, #2430, #1138 ) ;
#3044 = FILL_AREA_STYLE ('',( #2549 ) ) ;
#3045 = ADVANCED_FACE ( 'NONE', ( #2518 ), #904, .T. ) ;
#3046 = SURFACE_SIDE_STYLE ('',( #436 ) ) ;
#3047 = ADVANCED_FACE ( 'NONE', ( #2533 ), #1041, .F. ) ;
#3048 =( LENGTH_UNIT ( ) NAMED_UNIT ( * ) SI_UNIT ( .MILLI., .METRE. ) );
#3049 =( NAMED_UNIT ( * ) PLANE_ANGLE_UNIT ( ) SI_UNIT ( $, .RADIAN. ) );
#3050 = AXIS2_PLACEMENT_3D ( 'NONE', #2811, #1764, #2826 ) ;
#3051 = EDGE_LOOP ( 'NONE', ( #1974, #77, #1201, #2326 ) ) ;
#3052 = CARTESIAN_POINT ( 'NONE',  ( 13.46199999999999974, 3.810000000000000053, 5.969999999999999751 ) ) ;
#3053 =( GEOMETRIC_REPRESENTATION_CONTEXT ( 3 ) GLOBAL_UNCERTAINTY_ASSIGNED_CONTEXT ( ( #1984 ) ) GLOBAL_UNIT_ASSIGNED_CONTEXT ( ( #991, #2237, #1023 ) ) REPRESENTATION_CONTEXT ( 'NONE', 'WORKASPACE' ) );
#3054 = VERTEX_POINT ( 'NONE', #3341 ) ;
#3055 =( GEOMETRIC_REPRESENTATION_CONTEXT ( 3 ) GLOBAL_UNCERTAINTY_ASSIGNED_CONTEXT ( ( #2291 ) ) GLOBAL_UNIT_ASSIGNED_CONTEXT ( ( #2303, #2270, #3282 ) ) REPRESENTATION_CONTEXT ( 'NONE', 'WORKASPACE' ) );
#3056 = AXIS2_PLACEMENT_3D ( 'NONE', #989, #183, #970 ) ;
#3057 = DIRECTION ( 'NONE',  ( 1.000000000000000000, 0.000000000000000000, 0.000000000000000000 ) ) ;
#3058 = PRESENTATION_LAYER_ASSIGNMENT (  '', '', ( #3116 ) ) ;
#3059 = PRESENTATION_STYLE_ASSIGNMENT (( #1997 ) ) ;
#3060 = UNCERTAINTY_MEASURE_WITH_UNIT (LENGTH_MEASURE( 1.000000000000000082E-05 ), #2607, 'distance_accuracy_value', 'NONE');
#3061 =( NAMED_UNIT ( * ) SI_UNIT ( $, .STERADIAN. ) SOLID_ANGLE_UNIT ( ) );
#3062 =( NAMED_UNIT ( * ) SI_UNIT ( $, .STERADIAN. ) SOLID_ANGLE_UNIT ( ) );
#3063 = MECHANICAL_DESIGN_GEOMETRIC_PRESENTATION_REPRESENTATION (  '', ( #938 ), #2011 ) ;
#3064 =( NAMED_UNIT ( * ) PLANE_ANGLE_UNIT ( ) SI_UNIT ( $, .RADIAN. ) );
#3065 = SURFACE_SIDE_STYLE ('',( #2845 ) ) ;
#3066 = CARTESIAN_POINT ( 'NONE',  ( -6.871735530712818729, -5.741736504755279746, 6.349999999999999645 ) ) ;
#3067 = MECHANICAL_DESIGN_GEOMETRIC_PRESENTATION_REPRESENTATION (  '', ( #432 ), #589 ) ;
#3068 = ADVANCED_FACE ( 'NONE', ( #2869 ), #463, .T. ) ;
#3069 = ORIENTED_EDGE ( 'NONE', *, *, #2638, .F. ) ;
#3070 = SURFACE_STYLE_USAGE ( .BOTH. , #2283 ) ;
#3071 = SURFACE_STYLE_USAGE ( .BOTH. , #1272 ) ;
#3072 = PRODUCT_DEFINITION_CONTEXT ( 'detailed design', #2338, 'design' ) ;
#3073 = VERTEX_POINT ( 'NONE', #1516 ) ;
#3074 =( NAMED_UNIT ( * ) PLANE_ANGLE_UNIT ( ) SI_UNIT ( $, .RADIAN. ) );
#3075 = CARTESIAN_POINT ( 'NONE',  ( -14.47799999999999976, 0.000000000000000000, 9.369999999999999218 ) ) ;
#3076 = SURFACE_STYLE_USAGE ( .BOTH. , #1245 ) ;
#3077 = DIRECTION ( 'NONE',  ( 1.000000000000000000, 0.000000000000000000, 0.000000000000000000 ) ) ;
#3078 =( LENGTH_UNIT ( ) NAMED_UNIT ( * ) SI_UNIT ( .MILLI., .METRE. ) );
#3079 = CARTESIAN_POINT ( 'NONE',  ( -18.25000000000000000, 11.65000000000000036, -3.010000000000000675 ) ) ;
#3080 = DIRECTION ( 'NONE',  ( -0.000000000000000000, -0.000000000000000000, -1.000000000000000000 ) ) ;
#3081 =( NAMED_UNIT ( * ) PLANE_ANGLE_UNIT ( ) SI_UNIT ( $, .RADIAN. ) );
#3082 = ORIENTED_EDGE ( 'NONE', *, *, #3091, .T. ) ;
#3083 = CARTESIAN_POINT ( 'NONE',  ( 16.74999999999999645, 11.65000000000000036, 5.969999999999999751 ) ) ;
#3084 = EDGE_CURVE ( 'NONE', #1706, #1436, #376, .T. ) ;
#3085 = COLOUR_RGB ( '',0.5019607843137254832, 0.5019607843137254832, 0.5019607843137254832 ) ;
#3086 = EDGE_LOOP ( 'NONE', ( #3230, #1930, #2137, #2494 ) ) ;
#3087 = MECHANICAL_DESIGN_GEOMETRIC_PRESENTATION_REPRESENTATION (  '', ( #3033 ), #1393 ) ;
#3088 = CARTESIAN_POINT ( 'NONE',  ( -6.871735530712818729, 5.741736504755279746, 6.339999999999999858 ) ) ;
#3089 = CIRCLE ( 'NONE', #618, 0.5079999999999997851 ) ;
#3090 = CARTESIAN_POINT ( 'NONE',  ( -13.97000000000000064, 0.000000000000000000, 9.769999999999999574 ) ) ;
#3091 = EDGE_CURVE ( 'NONE', #2164, #1715, #990, .T. ) ;
#3092 = MECHANICAL_DESIGN_GEOMETRIC_PRESENTATION_REPRESENTATION (  '', ( #1440 ), #1667 ) ;
#3093 =( NAMED_UNIT ( * ) SI_UNIT ( $, .STERADIAN. ) SOLID_ANGLE_UNIT ( ) );
#3094 = APPLICATION_CONTEXT ( 'automotive_design' ) ;
#3095 = CARTESIAN_POINT ( 'NONE',  ( 18.25000000000000000, -11.65000000000000036, -3.010000000000000675 ) ) ;
#3096 = UNCERTAINTY_MEASURE_WITH_UNIT (LENGTH_MEASURE( 1.000000000000000082E-05 ), #1672, 'distance_accuracy_value', 'NONE');
#3097 =( LENGTH_UNIT ( ) NAMED_UNIT ( * ) SI_UNIT ( .MILLI., .METRE. ) );
#3098 = FACE_OUTER_BOUND ( 'NONE', #857, .T. ) ;
#3099 = CARTESIAN_POINT ( 'NONE',  ( 14.47799999999999976, 3.810000000000000053, 5.969999999999999751 ) ) ;
#3100 = AXIS2_PLACEMENT_3D ( 'NONE', #577, #2352, #1847 ) ;
#3101 = FILL_AREA_STYLE_COLOUR ( '', #2552 ) ;
#3102 = ORIENTED_EDGE ( 'NONE', *, *, #2527, .F. ) ;
#3103 = PRESENTATION_LAYER_ASSIGNMENT (  '', '', ( #2261 ) ) ;
#3104 = PRESENTATION_STYLE_ASSIGNMENT (( #3070 ) ) ;
#3105 = CARTESIAN_POINT ( 'NONE',  ( 16.74999999999999645, 13.15000000000000213, -3.000000000000000888 ) ) ;
#3106 = PRESENTATION_LAYER_ASSIGNMENT (  '', '', ( #1191 ) ) ;
#3107 = ORIENTED_EDGE ( 'NONE', *, *, #420, .F. ) ;
#3108 = FACE_OUTER_BOUND ( 'NONE', #3181, .T. ) ;
#3109 = DIRECTION ( 'NONE',  ( -0.000000000000000000, -0.000000000000000000, 1.000000000000000000 ) ) ;
#3110 = DIRECTION ( 'NONE',  ( 1.000000000000000000, 0.000000000000000000, 0.000000000000000000 ) ) ;
#3111 = MECHANICAL_DESIGN_GEOMETRIC_PRESENTATION_REPRESENTATION (  '', ( #2 ), #3320 ) ;
#3112 = ORIENTED_EDGE ( 'NONE', *, *, #3265, .T. ) ;
#3113 = EDGE_CURVE ( 'NONE', #2176, #2648, #2903, .T. ) ;
#3114 =( GEOMETRIC_REPRESENTATION_CONTEXT ( 3 ) GLOBAL_UNCERTAINTY_ASSIGNED_CONTEXT ( ( #1761 ) ) GLOBAL_UNIT_ASSIGNED_CONTEXT ( ( #1634, #2229, #2426 ) ) REPRESENTATION_CONTEXT ( 'NONE', 'WORKASPACE' ) );
#3115 = DIRECTION ( 'NONE',  ( 0.000000000000000000, 0.000000000000000000, -1.000000000000000000 ) ) ;
#3116 = STYLED_ITEM ( 'NONE', ( #209 ), #2491 ) ;
#3117 = DIRECTION ( 'NONE',  ( -0.000000000000000000, -0.000000000000000000, 1.000000000000000000 ) ) ;
#3118 = SURFACE_STYLE_FILL_AREA ( #979 ) ;
#3119 =( GEOMETRIC_REPRESENTATION_CONTEXT ( 3 ) GLOBAL_UNCERTAINTY_ASSIGNED_CONTEXT ( ( #3287 ) ) GLOBAL_UNIT_ASSIGNED_CONTEXT ( ( #1814, #1652, #2172 ) ) REPRESENTATION_CONTEXT ( 'NONE', 'WORKASPACE' ) );
#3120 = CARTESIAN_POINT ( 'NONE',  ( -14.07799999999999940, 3.771912141373838293E-17, 9.769999999999999574 ) ) ;
#3121 = DIRECTION ( 'NONE',  ( 0.000000000000000000, 0.000000000000000000, 1.000000000000000000 ) ) ;
#3122 = VERTEX_POINT ( 'NONE', #298 ) ;
#3123 = SURFACE_STYLE_USAGE ( .BOTH. , #1830 ) ;
#3124 = STYLED_ITEM ( 'NONE', ( #1978 ), #3245 ) ;
#3125 = ORIENTED_EDGE ( 'NONE', *, *, #3228, .F. ) ;
#3126 = LINE ( 'NONE', #1489, #1285 ) ;
#3127 =( NAMED_UNIT ( * ) SI_UNIT ( $, .STERADIAN. ) SOLID_ANGLE_UNIT ( ) );
#3128 = FILL_AREA_STYLE_COLOUR ( '', #1464 ) ;
#3129 = ORIENTED_EDGE ( 'NONE', *, *, #1247, .T. ) ;
#3130 = EDGE_CURVE ( 'NONE', #2164, #48, #3329, .T. ) ;
#3131 = SURFACE_STYLE_FILL_AREA ( #2400 ) ;
#3132 =( NAMED_UNIT ( * ) PLANE_ANGLE_UNIT ( ) SI_UNIT ( $, .RADIAN. ) );
#3133 = ADVANCED_FACE ( 'NONE', ( #1106 ), #285, .F. ) ;
#3134 =( LENGTH_UNIT ( ) NAMED_UNIT ( * ) SI_UNIT ( .MILLI., .METRE. ) );
#3135 = ORIENTED_EDGE ( 'NONE', *, *, #1623, .F. ) ;
#3136 = DIRECTION ( 'NONE',  ( -0.000000000000000000, -0.000000000000000000, 1.000000000000000000 ) ) ;
#3137 =( NAMED_UNIT ( * ) SI_UNIT ( $, .STERADIAN. ) SOLID_ANGLE_UNIT ( ) );
#3138 = DIRECTION ( 'NONE',  ( 1.000000000000000000, 0.000000000000000000, 0.000000000000000000 ) ) ;
#3139 = ORIENTED_EDGE ( 'NONE', *, *, #60, .T. ) ;
#3140 = CARTESIAN_POINT ( 'NONE',  ( -17.11785043614063540, -12.12173155784414824, -3.000000000000000000 ) ) ;
#3141 = MECHANICAL_DESIGN_GEOMETRIC_PRESENTATION_REPRESENTATION (  '', ( #2255 ), #2138 ) ;
#3142 = ORIENTED_EDGE ( 'NONE', *, *, #506, .F. ) ;
#3143 = MECHANICAL_DESIGN_GEOMETRIC_PRESENTATION_REPRESENTATION (  '', ( #2699 ), #190 ) ;
#3144 = DIRECTION ( 'NONE',  ( 0.000000000000000000, 0.000000000000000000, 1.000000000000000000 ) ) ;
#3145 = COLOUR_RGB ( '',0.6666666666666666297, 0.6980392156862744724, 0.7686274509803920907 ) ;
#3146 = FACE_OUTER_BOUND ( 'NONE', #722, .T. ) ;
#3147 = EDGE_CURVE ( 'NONE', #2048, #2085, #2623, .T. ) ;
#3148 = LINE ( 'NONE', #1624, #320 ) ;
#3149 = ORIENTED_EDGE ( 'NONE', *, *, #2008, .T. ) ;
#3150 = EDGE_CURVE ( 'NONE', #3347, #2417, #316, .T. ) ;
#3151 = DIRECTION ( 'NONE',  ( 1.000000000000000000, 0.000000000000000000, 0.000000000000000000 ) ) ;
#3152 = FILL_AREA_STYLE ('',( #786 ) ) ;
#3153 = AXIS2_PLACEMENT_3D ( 'NONE', #1628, #45, #1318 ) ;
#3154 = CARTESIAN_POINT ( 'NONE',  ( 7.871735530712825835, 4.741736504755272641, 6.349999999999999645 ) ) ;
#3155 = ORIENTED_EDGE ( 'NONE', *, *, #2469, .T. ) ;
#3156 = FILL_AREA_STYLE_COLOUR ( '', #2761 ) ;
#3157 = COLOUR_RGB ( '',0.5019607843137254832, 0.5019607843137254832, 0.5019607843137254832 ) ;
#3158 = EDGE_LOOP ( 'NONE', ( #2906, #3352, #739, #951, #1874, #3324 ) ) ;
#3159 = VECTOR ( 'NONE', #1176, 1000.000000000000000 ) ;
#3160 = CARTESIAN_POINT ( 'NONE',  ( -13.97000000000000064, 0.000000000000000000, 9.369999999999999218 ) ) ;
#3161 = VECTOR ( 'NONE', #1431, 1000.000000000000000 ) ;
#3162 = SURFACE_SIDE_STYLE ('',( #2099 ) ) ;
#3163 = MECHANICAL_DESIGN_GEOMETRIC_PRESENTATION_REPRESENTATION (  '', ( #1686 ), #535 ) ;
#3164 = LINE ( 'NONE', #2942, #974 ) ;
#3165 = AXIS2_PLACEMENT_3D ( 'NONE', #800, #2892, #541 ) ;
#3166 = DIRECTION ( 'NONE',  ( 0.000000000000000000, 0.000000000000000000, 1.000000000000000000 ) ) ;
#3167 = VERTEX_POINT ( 'NONE', #1326 ) ;
#3168 = CARTESIAN_POINT ( 'NONE',  ( 14.08200000000000074, -7.620000000000000107, 9.119999999999999218 ) ) ;
#3169 = AXIS2_PLACEMENT_3D ( 'NONE', #3208, #1923, #2969 ) ;
#3170 = EDGE_CURVE ( 'NONE', #1409, #1603, #2954, .T. ) ;
#3171 = MECHANICAL_DESIGN_GEOMETRIC_PRESENTATION_REPRESENTATION (  '', ( #880 ), #1531 ) ;
#3172 = ORIENTED_EDGE ( 'NONE', *, *, #1309, .F. ) ;
#3173 = CARTESIAN_POINT ( 'NONE',  ( 13.97000000000000064, -7.620000000000000107, 9.769999999999999574 ) ) ;
#3174 = ORIENTED_EDGE ( 'NONE', *, *, #205, .F. ) ;
#3175 =( NAMED_UNIT ( * ) SI_UNIT ( $, .STERADIAN. ) SOLID_ANGLE_UNIT ( ) );
#3176 =( NAMED_UNIT ( * ) PLANE_ANGLE_UNIT ( ) SI_UNIT ( $, .RADIAN. ) );
#3177 = SURFACE_STYLE_FILL_AREA ( #1576 ) ;
#3178 = DIRECTION ( 'NONE',  ( 1.000000000000000000, 0.000000000000000000, 0.000000000000000000 ) ) ;
#3179 = PRESENTATION_STYLE_ASSIGNMENT (( #2609 ) ) ;
#3180 = DIRECTION ( 'NONE',  ( 1.000000000000000000, 0.000000000000000000, 0.000000000000000000 ) ) ;
#3181 = EDGE_LOOP ( 'NONE', ( #2599, #2231, #1216, #1996 ) ) ;
#3182 = CARTESIAN_POINT ( 'NONE',  ( -7.871735530712825835, -4.741736504755279746, 6.339999999999999858 ) ) ;
#3183 = FILL_AREA_STYLE_COLOUR ( '', #1938 ) ;
#3184 = DIRECTION ( 'NONE',  ( 0.000000000000000000, 0.000000000000000000, 1.000000000000000000 ) ) ;
#3185 = ORIENTED_EDGE ( 'NONE', *, *, #160, .F. ) ;
#3186 = EDGE_CURVE ( 'NONE', #2443, #964, #1888, .T. ) ;
#3187 = CARTESIAN_POINT ( 'NONE',  ( -16.74999999999999645, -13.15000000000000213, 5.969999999999999751 ) ) ;
#3188 = SURFACE_STYLE_FILL_AREA ( #1451 ) ;
#3189 = ORIENTED_EDGE ( 'NONE', *, *, #284, .T. ) ;
#3190 = EDGE_CURVE ( 'NONE', #2096, #1527, #2936, .T. ) ;
#3191 = TOROIDAL_SURFACE ( 'NONE', #449, 0.1080000000000001792, 0.4000000000000000222 ) ;
#3192 = SURFACE_SIDE_STYLE ('',( #83 ) ) ;
#3193 = DIRECTION ( 'NONE',  ( -0.000000000000000000, -1.000000000000000000, -0.000000000000000000 ) ) ;
#3194 = TOROIDAL_SURFACE ( 'NONE', #1614, 0.1120000000000009877, 0.6500000000000000222 ) ;
#3195 = PRESENTATION_LAYER_ASSIGNMENT (  '', '', ( #1440 ) ) ;
#3196 = STYLED_ITEM ( 'NONE', ( #1378 ), #1081 ) ;
#3197 = DIRECTION ( 'NONE',  ( 1.000000000000000000, 0.000000000000000000, 0.000000000000000000 ) ) ;
#3198 = MECHANICAL_DESIGN_GEOMETRIC_PRESENTATION_REPRESENTATION (  '', ( #2312 ), #2651 ) ;
#3199 = UNCERTAINTY_MEASURE_WITH_UNIT (LENGTH_MEASURE( 1.000000000000000082E-05 ), #1240, 'distance_accuracy_value', 'NONE');
#3200 = VERTEX_POINT ( 'NONE', #1608 ) ;
#3201 = FACE_OUTER_BOUND ( 'NONE', #435, .T. ) ;
#3202 = SURFACE_STYLE_USAGE ( .BOTH. , #1112 ) ;
#3203 = COLOUR_RGB ( '',0.6470588235294117974, 0.5176470588235293491, 0.000000000000000000 ) ;
#3204 = FACE_OUTER_BOUND ( 'NONE', #1660, .T. ) ;
#3205 = VERTEX_POINT ( 'NONE', #2661 ) ;
#3206 = ORIENTED_EDGE ( 'NONE', *, *, #242, .T. ) ;
#3207 = EDGE_CURVE ( 'NONE', #1834, #1408, #1097, .T. ) ;
#3208 = CARTESIAN_POINT ( 'NONE',  ( 13.97000000000000064, 3.810000000000000053, 9.369999999999999218 ) ) ;
#3209 = CIRCLE ( 'NONE', #2606, 1.500000000000001332 ) ;
#3210 = SURFACE_SIDE_STYLE ('',( #2770 ) ) ;
#3211 = CARTESIAN_POINT ( 'NONE',  ( 13.20799999999999841, 7.620000000000000107, 5.969999999999999751 ) ) ;
#3212 = STYLED_ITEM ( 'NONE', ( #536 ), #2044 ) ;
#3213 = ORIENTED_EDGE ( 'NONE', *, *, #1323, .T. ) ;
#3214 = FILL_AREA_STYLE_COLOUR ( '', #2879 ) ;
#3215 = CARTESIAN_POINT ( 'NONE',  ( 16.74999999999999645, 11.65000000000000036, 6.349999999999999645 ) ) ;
#3216 = ORIENTED_EDGE ( 'NONE', *, *, #2710, .T. ) ;
#3217 = VECTOR ( 'NONE', #1570, 1000.000000000000000 ) ;
#3218 = CARTESIAN_POINT ( 'NONE',  ( -6.871735530712818729, 5.741736504755279746, 6.339999999999999858 ) ) ;
#3219 = ORIENTED_EDGE ( 'NONE', *, *, #1514, .F. ) ;
#3220 = CARTESIAN_POINT ( 'NONE',  ( 13.97000000000000064, 7.620000000000000107, 5.969999999999999751 ) ) ;
#3221 = MECHANICAL_DESIGN_GEOMETRIC_PRESENTATION_REPRESENTATION (  '', ( #3124 ), #598 ) ;
#3222 = DIRECTION ( 'NONE',  ( 1.000000000000000000, 0.000000000000000000, -0.000000000000000000 ) ) ;
#3223 = ADVANCED_FACE ( 'NONE', ( #1397 ), #586, .T. ) ;
#3224 = LINE ( 'NONE', #893, #2674 ) ;
#3225 = UNCERTAINTY_MEASURE_WITH_UNIT (LENGTH_MEASURE( 1.000000000000000082E-05 ), #1152, 'distance_accuracy_value', 'NONE');
#3226 = ORIENTED_EDGE ( 'NONE', *, *, #916, .F. ) ;
#3227 = PRESENTATION_STYLE_ASSIGNMENT (( #1449 ) ) ;
#3228 = EDGE_CURVE ( 'NONE', #3337, #1408, #2219, .T. ) ;
#3229 =( NAMED_UNIT ( * ) SI_UNIT ( $, .STERADIAN. ) SOLID_ANGLE_UNIT ( ) );
#3230 = ORIENTED_EDGE ( 'NONE', *, *, #1750, .F. ) ;
#3231 = CARTESIAN_POINT ( 'NONE',  ( 13.97000000000000064, -7.620000000000000107, 9.119999999999999218 ) ) ;
#3232 = SURFACE_STYLE_USAGE ( .BOTH. , #424 ) ;
#3233 = EDGE_LOOP ( 'NONE', ( #421, #2855, #1505, #2865, #1780, #917, #625, #1934 ) ) ;
#3234 = CARTESIAN_POINT ( 'NONE',  ( 16.74999999999999645, 13.15000000000000213, 5.969999999999999751 ) ) ;
#3235 = FILL_AREA_STYLE_COLOUR ( '', #485 ) ;
#3236 = CARTESIAN_POINT ( 'NONE',  ( 14.47799999999999976, 6.221205739668554076E-17, 9.769999999999999574 ) ) ;
#3237 = LINE ( 'NONE', #638, #482 ) ;
#3238 = EDGE_CURVE ( 'NONE', #995, #3054, #1221, .T. ) ;
#3239 = EDGE_LOOP ( 'NONE', ( #18, #2639, #397, #512 ) ) ;
#3240 = STYLED_ITEM ( 'NONE', ( #999 ), #324 ) ;
#3241 = CIRCLE ( 'NONE', #2309, 0.1080000000000004567 ) ;
#3242 =( NAMED_UNIT ( * ) PLANE_ANGLE_UNIT ( ) SI_UNIT ( $, .RADIAN. ) );
#3243 = DIRECTION ( 'NONE',  ( -1.000000000000000000, 0.000000000000000000, 0.000000000000000000 ) ) ;
#3244 = AXIS2_PLACEMENT_3D ( 'NONE', #1627, #1563, #2157 ) ;
#3245 = ADVANCED_FACE ( 'NONE', ( #1411 ), #2956, .T. ) ;
#3246 = VERTEX_POINT ( 'NONE', #2235 ) ;
#3247 = MECHANICAL_DESIGN_GEOMETRIC_PRESENTATION_REPRESENTATION (  '', ( #3301 ), #148 ) ;
#3248 = CYLINDRICAL_SURFACE ( 'NONE', #771, 1.500000000000001332 ) ;
#3249 = ORIENTED_EDGE ( 'NONE', *, *, #1288, .F. ) ;
#3250 = FILL_AREA_STYLE ('',( #2459 ) ) ;
#3251 = SURFACE_STYLE_USAGE ( .BOTH. , #712 ) ;
#3252 = DIRECTION ( 'NONE',  ( -0.000000000000000000, 1.000000000000000000, 0.000000000000000000 ) ) ;
#3253 = CIRCLE ( 'NONE', #99, 1.500000000000001332 ) ;
#3254 = LINE ( 'NONE', #1174, #3161 ) ;
#3255 = TOROIDAL_SURFACE ( 'NONE', #1942, 0.1120000000000009877, 0.6500000000000000222 ) ;
#3256 = CYLINDRICAL_SURFACE ( 'NONE', #2279, 0.5079999999999997851 ) ;
#3257 = AXIS2_PLACEMENT_3D ( 'NONE', #873, #655, #2749 ) ;
#3258 = FILL_AREA_STYLE_COLOUR ( '', #623 ) ;
#3259 = CARTESIAN_POINT ( 'NONE',  ( 16.74999999999999645, -13.15000000000000213, 6.349999999999999645 ) ) ;
#3260 = AXIS2_PLACEMENT_3D ( 'NONE', #1295, #835, #2626 ) ;
#3261 = ORIENTED_EDGE ( 'NONE', *, *, #1925, .F. ) ;
#3262 = DIRECTION ( 'NONE',  ( 0.000000000000000000, 0.000000000000000000, 1.000000000000000000 ) ) ;
#3263 = PRESENTATION_LAYER_ASSIGNMENT (  '', '', ( #1086 ) ) ;
#3264 = CARTESIAN_POINT ( 'NONE',  ( -16.74999999999999645, -11.65000000000000036, -3.000000000000000888 ) ) ;
#3265 = EDGE_CURVE ( 'NONE', #1715, #2012, #1537, .T. ) ;
#3266 = ORIENTED_EDGE ( 'NONE', *, *, #2978, .F. ) ;
#3267 = LINE ( 'NONE', #1755, #566 ) ;
#3268 = SURFACE_STYLE_USAGE ( .BOTH. , #1685 ) ;
#3269 = STYLED_ITEM ( 'NONE', ( #434 ), #2837 ) ;
#3270 = PRESENTATION_LAYER_ASSIGNMENT (  '', '', ( #2793 ) ) ;
#3271 = CARTESIAN_POINT ( 'NONE',  ( 13.20799999999999841, 7.620000000000000107, 9.769999999999999574 ) ) ;
#3272 = CARTESIAN_POINT ( 'NONE',  ( 16.74999999999999645, 13.15000000000000213, -6.349999999999999645 ) ) ;
#3273 = DIRECTION ( 'NONE',  ( -1.000000000000000000, -0.000000000000000000, -0.000000000000000000 ) ) ;
#3274 = SURFACE_SIDE_STYLE ('',( #415 ) ) ;
#3275 = CYLINDRICAL_SURFACE ( 'NONE', #682, 0.5079999999999997851 ) ;
#3276 = DIRECTION ( 'NONE',  ( -1.000000000000000000, 0.000000000000000000, 0.000000000000000000 ) ) ;
#3277 = ORIENTED_EDGE ( 'NONE', *, *, #1518, .T. ) ;
#3278 = VERTEX_POINT ( 'NONE', #1458 ) ;
#3279 = EDGE_CURVE ( 'NONE', #2012, #1715, #1756, .T. ) ;
#3280 = LINE ( 'NONE', #2832, #1822 ) ;
#3281 = DIRECTION ( 'NONE',  ( 1.000000000000000000, 0.000000000000000000, -0.000000000000000000 ) ) ;
#3282 =( NAMED_UNIT ( * ) SI_UNIT ( $, .STERADIAN. ) SOLID_ANGLE_UNIT ( ) );
#3283 = EDGE_LOOP ( 'NONE', ( #1237, #2411, #2183, #1647 ) ) ;
#3284 = EDGE_CURVE ( 'NONE', #371, #1136, #3011, .T. ) ;
#3285 = SURFACE_SIDE_STYLE ('',( #2990 ) ) ;
#3286 =( GEOMETRIC_REPRESENTATION_CONTEXT ( 3 ) GLOBAL_UNCERTAINTY_ASSIGNED_CONTEXT ( ( #127 ) ) GLOBAL_UNIT_ASSIGNED_CONTEXT ( ( #3003, #1455, #1680 ) ) REPRESENTATION_CONTEXT ( 'NONE', 'WORKASPACE' ) );
#3287 = UNCERTAINTY_MEASURE_WITH_UNIT (LENGTH_MEASURE( 1.000000000000000082E-05 ), #1814, 'distance_accuracy_value', 'NONE');
#3288 = SURFACE_STYLE_USAGE ( .BOTH. , #1419 ) ;
#3289 =( NAMED_UNIT ( * ) PLANE_ANGLE_UNIT ( ) SI_UNIT ( $, .RADIAN. ) );
#3290 = SURFACE_SIDE_STYLE ('',( #488 ) ) ;
#3291 = SURFACE_STYLE_FILL_AREA ( #2240 ) ;
#3292 = PRESENTATION_STYLE_ASSIGNMENT (( #1118 ) ) ;
#3293 = PRESENTATION_LAYER_ASSIGNMENT (  '', '', ( #3240 ) ) ;
#3294 = ORIENTED_EDGE ( 'NONE', *, *, #459, .T. ) ;
#3295 = CIRCLE ( 'NONE', #850, 0.1080000000000004567 ) ;
#3296 = DIRECTION ( 'NONE',  ( 0.000000000000000000, 0.000000000000000000, -1.000000000000000000 ) ) ;
#3297 = DIRECTION ( 'NONE',  ( 0.000000000000000000, 0.000000000000000000, 1.000000000000000000 ) ) ;
#3298 = PRESENTATION_LAYER_ASSIGNMENT (  '', '', ( #2704 ) ) ;
#3299 = VERTEX_POINT ( 'NONE', #3234 ) ;
#3300 = CARTESIAN_POINT ( 'NONE',  ( 6.871735530712825835, -4.741736504755279746, 6.339999999999999858 ) ) ;
#3301 = STYLED_ITEM ( 'NONE', ( #2953 ), #781 ) ;
#3302 = CIRCLE ( 'NONE', #2695, 0.5079999999999997851 ) ;
#3303 =( NAMED_UNIT ( * ) PLANE_ANGLE_UNIT ( ) SI_UNIT ( $, .RADIAN. ) );
#3304 = CARTESIAN_POINT ( 'NONE',  ( 13.97000000000000064, -3.810000000000000053, 9.369999999999999218 ) ) ;
#3305 = MECHANICAL_DESIGN_GEOMETRIC_PRESENTATION_REPRESENTATION (  '', ( #517 ), #1885 ) ;
#3306 = FACE_OUTER_BOUND ( 'NONE', #775, .T. ) ;
#3307 = ORIENTED_EDGE ( 'NONE', *, *, #1771, .F. ) ;
#3308 = AXIS2_PLACEMENT_3D ( 'NONE', #2632, #278, #2140 ) ;
#3309 = CARTESIAN_POINT ( 'NONE',  ( 16.74999999999999645, -11.65000000000000036, -6.349999999999999645 ) ) ;
#3310 = EDGE_CURVE ( 'NONE', #2349, #1532, #2765, .T. ) ;
#3311 = SURFACE_SIDE_STYLE ('',( #696 ) ) ;
#3312 = DIRECTION ( 'NONE',  ( 1.000000000000000000, 0.000000000000000000, 0.000000000000000000 ) ) ;
#3313 = DIRECTION ( 'NONE',  ( 0.000000000000000000, 0.000000000000000000, -1.000000000000000000 ) ) ;
#3314 = AXIS2_PLACEMENT_3D ( 'NONE', #2977, #2194, #3243 ) ;
#3315 = DIRECTION ( 'NONE',  ( 1.000000000000000000, 0.000000000000000000, 0.000000000000000000 ) ) ;
#3316 = CYLINDRICAL_SURFACE ( 'NONE', #2112, 1.000000000000000000 ) ;
#3317 = ORIENTED_EDGE ( 'NONE', *, *, #2001, .T. ) ;
#3318 = CARTESIAN_POINT ( 'NONE',  ( -6.871735530712825835, 4.741736504755279746, 6.349999999999999645 ) ) ;
#3319 = ORIENTED_EDGE ( 'NONE', *, *, #1910, .F. ) ;
#3320 =( GEOMETRIC_REPRESENTATION_CONTEXT ( 3 ) GLOBAL_UNCERTAINTY_ASSIGNED_CONTEXT ( ( #976 ) ) GLOBAL_UNIT_ASSIGNED_CONTEXT ( ( #429, #1222, #1513 ) ) REPRESENTATION_CONTEXT ( 'NONE', 'WORKASPACE' ) );
#3321 = PRESENTATION_STYLE_ASSIGNMENT (( #1275 ) ) ;
#3322 = DIRECTION ( 'NONE',  ( -1.000000000000000000, 0.000000000000000000, -0.000000000000000000 ) ) ;
#3323 = VECTOR ( 'NONE', #1053, 1000.000000000000000 ) ;
#3324 = ORIENTED_EDGE ( 'NONE', *, *, #1288, .T. ) ;
#3325 = CIRCLE ( 'NONE', #1852, 0.5079999999999997851 ) ;
#3326 = CARTESIAN_POINT ( 'NONE',  ( 11.25000000000000000, 0.000000000000000000, 5.969999999999999751 ) ) ;
#3327 = UNCERTAINTY_MEASURE_WITH_UNIT (LENGTH_MEASURE( 1.000000000000000082E-05 ), #279, 'distance_accuracy_value', 'NONE');
#3328 = ADVANCED_FACE ( 'NONE', ( #121 ), #2968, .T. ) ;
#3329 = CIRCLE ( 'NONE', #823, 0.5079999999999997851 ) ;
#3330 = SURFACE_STYLE_USAGE ( .BOTH. , #228 ) ;
#3331 = DIRECTION ( 'NONE',  ( 0.000000000000000000, -1.000000000000000000, 0.000000000000000000 ) ) ;
#3332 = ORIENTED_EDGE ( 'NONE', *, *, #2619, .T. ) ;
#3333 = EDGE_CURVE ( 'NONE', #971, #1834, #2045, .T. ) ;
#3334 = DIRECTION ( 'NONE',  ( -1.000000000000000000, 0.000000000000000000, -0.000000000000000000 ) ) ;
#3335 = DIRECTION ( 'NONE',  ( 0.000000000000000000, 0.000000000000000000, 1.000000000000000000 ) ) ;
#3336 = UNCERTAINTY_MEASURE_WITH_UNIT (LENGTH_MEASURE( 1.000000000000000082E-05 ), #2605, 'distance_accuracy_value', 'NONE');
#3337 = VERTEX_POINT ( 'NONE', #742 ) ;
#3338 = DIRECTION ( 'NONE',  ( -0.000000000000000000, -0.000000000000000000, -1.000000000000000000 ) ) ;
#3339 = CARTESIAN_POINT ( 'NONE',  ( 16.74999999999999645, -11.65000000000000036, -3.010000000000000675 ) ) ;
#3340 = EDGE_LOOP ( 'NONE', ( #230, #1641, #1509, #844 ) ) ;
#3341 = CARTESIAN_POINT ( 'NONE',  ( -11.25000000000000000, -13.15000000000000213, 5.969999999999999751 ) ) ;
#3342 = SURFACE_SIDE_STYLE ('',( #1248 ) ) ;
#3343 = FILL_AREA_STYLE_COLOUR ( '', #2089 ) ;
#3344 =( LENGTH_UNIT ( ) NAMED_UNIT ( * ) SI_UNIT ( .MILLI., .METRE. ) );
#3345 = EDGE_CURVE ( 'NONE', #220, #611, #1786, .T. ) ;
#3346 = CARTESIAN_POINT ( 'NONE',  ( 14.08200000000000074, 7.620000000000000107, 9.769999999999999574 ) ) ;
#3347 = VERTEX_POINT ( 'NONE', #235 ) ;
#3348 = FILL_AREA_STYLE_COLOUR ( '', #350 ) ;
#3349 = PRESENTATION_STYLE_ASSIGNMENT (( #3071 ) ) ;
#3350 = ADVANCED_FACE ( 'NONE', ( #2530, #1511 ), #1276, .T. ) ;
#3351 = CIRCLE ( 'NONE', #1227, 1.500000000000001332 ) ;
#3352 = ORIENTED_EDGE ( 'NONE', *, *, #200, .T. ) ;
#3353 = FILL_AREA_STYLE_COLOUR ( '', #2868 ) ;
#3354 = VECTOR ( 'NONE', #3136, 1000.000000000000000 ) ;
#3355 = CARTESIAN_POINT ( 'NONE',  ( -14.07800000000147378, 7.620000000000000107, 9.769999999999999574 ) ) ;
#3356 = AXIS2_PLACEMENT_3D ( 'NONE', #3339, #197, #2268 ) ;
#3357 = CARTESIAN_POINT ( 'NONE',  ( 18.25000000000000000, -11.65000000000000036, 6.349999999999999645 ) ) ;
#3358 = SURFACE_SIDE_STYLE ('',( #2835 ) ) ;
#3359 = COLOUR_RGB ( '',0.6470588235294117974, 0.5176470588235293491, 0.000000000000000000 ) ;
#3360 = EDGE_LOOP ( 'NONE', ( #3021, #1797, #1424, #3226 ) ) ;
#3361 = CARTESIAN_POINT ( 'NONE',  ( -17.11785043614063540, -12.12173155784414824, -3.010000000000000231 ) ) ;
#3362 = PRESENTATION_LAYER_ASSIGNMENT (  '', '', ( #1727 ) ) ;
#3363 = DIRECTION ( 'NONE',  ( -0.000000000000000000, 0.000000000000000000, 1.000000000000000000 ) ) ;
#3364 = AXIS2_PLACEMENT_3D ( 'NONE', #774, #509, #263 ) ;
#3365 = CARTESIAN_POINT ( 'NONE',  ( 13.20799999999999841, -7.620000000000000107, 9.119999999999999218 ) ) ;
#3366 = CARTESIAN_POINT ( 'NONE',  ( -6.871735530712825835, -4.741736504755279746, 6.339999999999999858 ) ) ;
#3367 = UNCERTAINTY_MEASURE_WITH_UNIT (LENGTH_MEASURE( 1.000000000000000082E-05 ), #1943, 'distance_accuracy_value', 'NONE');
#3368 = ORIENTED_EDGE ( 'NONE', *, *, #2215, .F. ) ;
#3369 = STYLED_ITEM ( 'NONE', ( #1543 ), #1542 ) ;
#3370 = CARTESIAN_POINT ( 'NONE',  ( 13.20799999999999841, -7.620000000000000107, 9.769999999999999574 ) ) ;
#3371 = DIRECTION ( 'NONE',  ( -1.000000000000000000, 0.000000000000000000, 0.000000000000000000 ) ) ;
#3372 = COLOUR_RGB ( '',0.6666666666666666297, 0.6980392156862744724, 0.7686274509803920907 ) ;
#3373 = EDGE_LOOP ( 'NONE', ( #2111, #42, #2575, #2343 ) ) ;
#3374 = COLOUR_RGB ( '',0.5019607843137254832, 0.5019607843137254832, 0.5019607843137254832 ) ;
#3375 = EDGE_CURVE ( 'NONE', #3073, #939, #2601, .T. ) ;
#3376 = PRESENTATION_STYLE_ASSIGNMENT (( #443 ) ) ;
ENDSEC;
END-ISO-10303-21;
